datetime,open,high,low,close,volume
2026-05-10 12:00:00,2320.0,2321.6,2316.46,2320.0,9433
2026-05-10 13:00:00,2320.0,2325.45,2316.32,2323.81,7356
2026-05-10 14:00:00,2323.81,2328.98,2321.19,2322.78,7268
2026-05-10 15:00:00,2322.78,2339.01,2322.5,2327.75,5255
2026-05-10 16:00:00,2327.75,2341.31,2327.52,2339.47,8806
2026-05-10 17:00:00,2339.47,2340.05,2330.31,2337.68,7464
2026-05-10 18:00:00,2337.68,2340.24,2334.85,2335.9,3166
2026-05-10 19:00:00,2335.9,2344.78,2335.64,2341.25,5844
2026-05-10 20:00:00,2341.25,2351.53,2337.71,2343.87,4565
2026-05-10 21:00:00,2343.87,2348.14,2340.57,2342.31,5141
2026-05-10 22:00:00,2342.31,2344.87,2335.04,2344.17,4575
2026-05-10 23:00:00,2344.17,2345.49,2341.05,2342.64,2759
2026-05-11 00:00:00,2342.64,2344.17,2340.06,2341.09,3720
2026-05-11 01:00:00,2341.09,2356.84,2333.98,2341.94,3918
2026-05-11 02:00:00,2341.94,2345.89,2331.0,2335.52,4338
2026-05-11 03:00:00,2335.52,2336.01,2323.58,2329.76,4296
2026-05-11 04:00:00,2329.76,2332.05,2326.14,2327.9,2286
2026-05-11 05:00:00,2327.9,2328.39,2323.78,2324.53,4867
2026-05-11 06:00:00,2324.53,2328.54,2323.81,2325.61,6435
2026-05-11 07:00:00,2325.61,2326.96,2322.01,2322.6,3947
2026-05-11 08:00:00,2322.6,2324.04,2302.69,2311.85,10183
2026-05-11 09:00:00,2311.85,2326.74,2311.4,2323.05,7475
2026-05-11 10:00:00,2323.05,2323.3,2315.88,2321.34,13206
2026-05-11 11:00:00,2321.34,2326.14,2316.8,2321.87,11184
2026-05-11 12:00:00,2321.87,2322.08,2308.99,2311.03,12449
2026-05-11 13:00:00,2311.03,2313.81,2303.59,2306.91,11987
2026-05-11 14:00:00,2306.91,2323.47,2298.53,2307.77,8727
2026-05-11 15:00:00,2307.77,2307.9,2297.38,2299.06,8124
2026-05-11 16:00:00,2299.06,2302.76,2298.63,2301.92,3335
2026-05-11 17:00:00,2301.92,2302.11,2286.24,2297.39,9948
2026-05-11 18:00:00,2297.39,2297.84,2292.38,2295.21,6493
2026-05-11 19:00:00,2295.21,2299.78,2289.35,2293.25,2766
2026-05-11 20:00:00,2293.25,2303.75,2292.99,2299.4,1978
2026-05-11 21:00:00,2299.4,2300.76,2295.36,2299.38,5796
2026-05-11 22:00:00,2299.38,2301.76,2294.34,2295.91,5477
2026-05-11 23:00:00,2295.91,2304.7,2295.45,2298.66,5044
2026-05-12 00:00:00,2298.66,2298.78,2294.05,2294.65,5774
2026-05-12 01:00:00,2294.65,2302.87,2293.63,2295.37,6048
2026-05-12 02:00:00,2295.37,2295.82,2282.47,2288.93,1985
2026-05-12 03:00:00,2288.93,2289.4,2282.68,2284.58,5588
2026-05-12 04:00:00,2284.58,2286.19,2284.01,2285.26,6173
2026-05-12 05:00:00,2285.26,2291.79,2281.28,2287.72,1837
2026-05-12 06:00:00,2287.72,2288.59,2280.55,2288.31,2360
2026-05-12 07:00:00,2288.31,2297.51,2275.27,2287.96,3503
2026-05-12 08:00:00,2287.96,2295.2,2272.07,2285.71,6536
2026-05-12 09:00:00,2285.71,2286.12,2270.72,2274.63,7792
2026-05-12 10:00:00,2274.63,2276.79,2268.82,2269.26,10841
2026-05-12 11:00:00,2269.26,2269.56,2265.21,2265.84,10164
2026-05-12 12:00:00,2265.84,2276.45,2265.6,2273.76,6641
2026-05-12 13:00:00,2273.76,2279.02,2272.96,2276.35,4842
2026-05-12 14:00:00,2276.35,2276.66,2261.21,2263.19,12953
2026-05-12 15:00:00,2263.19,2271.13,2260.95,2265.63,12177
2026-05-12 16:00:00,2265.63,2267.06,2260.84,2262.77,11536
2026-05-12 17:00:00,2262.77,2263.12,2257.39,2257.76,5880
2026-05-12 18:00:00,2257.76,2271.2,2257.52,2262.32,3105
2026-05-12 19:00:00,2262.32,2269.02,2261.98,2265.71,3379
2026-05-12 20:00:00,2265.71,2274.33,2265.5,2268.78,4893
2026-05-12 21:00:00,2268.78,2269.05,2263.82,2266.07,3624
2026-05-12 22:00:00,2266.07,2273.59,2258.26,2265.09,6491
2026-05-12 23:00:00,2265.09,2271.83,2262.4,2266.2,6142
2026-05-13 00:00:00,2266.2,2270.03,2265.45,2269.41,2946
2026-05-13 01:00:00,2269.41,2269.81,2265.15,2267.87,4806
2026-05-13 02:00:00,2267.87,2269.38,2266.94,2267.29,4901
2026-05-13 03:00:00,2267.29,2268.13,2259.85,2263.71,5283
2026-05-13 04:00:00,2263.71,2264.07,2255.56,2259.84,3872
2026-05-13 05:00:00,2259.84,2267.6,2251.56,2262.52,1650
2026-05-13 06:00:00,2262.52,2277.89,2262.08,2266.97,3159
2026-05-13 07:00:00,2266.97,2268.87,2264.56,2266.76,2378
2026-05-13 08:00:00,2266.76,2277.56,2266.3,2274.28,8401
2026-05-13 09:00:00,2274.28,2277.77,2274.01,2277.0,9642
2026-05-13 10:00:00,2277.0,2277.18,2269.37,2272.19,12089
2026-05-13 11:00:00,2272.19,2280.03,2271.75,2274.91,8613
2026-05-13 12:00:00,2274.91,2288.26,2274.68,2286.48,6633
2026-05-13 13:00:00,2286.48,2286.99,2285.18,2286.23,10751
2026-05-13 14:00:00,2286.23,2302.07,2286.04,2298.05,4595
2026-05-13 15:00:00,2298.05,2298.34,2278.04,2278.34,4591
2026-05-13 16:00:00,2278.34,2285.14,2278.07,2284.53,9061
2026-05-13 17:00:00,2284.53,2287.78,2282.09,2285.2,5929
2026-05-13 18:00:00,2285.2,2286.72,2275.59,2282.97,5853
2026-05-13 19:00:00,2282.97,2289.13,2281.63,2283.3,3826
2026-05-13 20:00:00,2283.3,2283.69,2266.16,2276.8,4105
2026-05-13 21:00:00,2276.8,2279.2,2275.12,2276.11,4038
2026-05-13 22:00:00,2276.11,2279.22,2270.64,2277.31,2065
2026-05-13 23:00:00,2277.31,2292.94,2276.63,2282.19,3256
2026-05-14 00:00:00,2282.19,2294.04,2263.43,2280.51,5575
2026-05-14 01:00:00,2280.51,2280.67,2273.05,2277.88,2860
2026-05-14 02:00:00,2277.88,2284.65,2274.11,2276.27,4068
2026-05-14 03:00:00,2276.27,2281.73,2270.82,2279.3,3873
2026-05-14 04:00:00,2279.3,2281.55,2277.07,2280.41,2695
2026-05-14 05:00:00,2280.41,2288.04,2273.61,2278.69,3631
2026-05-14 06:00:00,2278.69,2287.47,2276.13,2280.41,4388
2026-05-14 07:00:00,2280.41,2285.73,2275.17,2280.75,3067
2026-05-14 08:00:00,2280.75,2297.43,2280.3,2288.05,10802
2026-05-14 09:00:00,2288.05,2288.26,2275.5,2282.79,8507
2026-05-14 10:00:00,2282.79,2283.2,2279.98,2280.35,10654
2026-05-14 11:00:00,2280.35,2285.15,2271.12,2277.42,10113
2026-05-14 12:00:00,2277.42,2277.67,2257.57,2266.5,6072
2026-05-14 13:00:00,2266.5,2269.27,2263.12,2268.72,6232
2026-05-14 14:00:00,2268.72,2274.04,2260.28,2270.69,12821
2026-05-14 15:00:00,2270.69,2275.93,2268.57,2270.75,13516
2026-05-14 16:00:00,2270.75,2275.05,2260.36,2269.01,10639
2026-05-14 17:00:00,2269.01,2269.19,2254.47,2258.48,10084
2026-05-14 18:00:00,2258.48,2258.83,2252.53,2255.38,4887
2026-05-14 19:00:00,2255.38,2255.96,2251.02,2254.29,6213
2026-05-14 20:00:00,2254.29,2254.67,2244.15,2251.72,3931
2026-05-14 21:00:00,2251.72,2252.84,2245.99,2251.22,2516
2026-05-14 22:00:00,2251.22,2253.64,2249.11,2252.56,2141
2026-05-14 23:00:00,2252.56,2265.33,2252.32,2258.71,5562
2026-05-15 00:00:00,2258.71,2260.71,2255.15,2259.31,1815
2026-05-15 01:00:00,2259.31,2262.02,2257.36,2260.17,3803
2026-05-15 02:00:00,2260.17,2261.3,2258.28,2259.96,1940
2026-05-15 03:00:00,2259.96,2260.21,2249.66,2253.75,2638
2026-05-15 04:00:00,2253.75,2266.58,2248.82,2253.69,2414
2026-05-15 05:00:00,2253.69,2255.11,2252.86,2253.91,3803
2026-05-15 06:00:00,2253.91,2262.27,2251.56,2261.95,5642
2026-05-15 07:00:00,2261.95,2263.82,2251.6,2261.35,4921
2026-05-15 08:00:00,2261.35,2270.51,2255.13,2263.62,7871
2026-05-15 09:00:00,2263.62,2276.9,2260.87,2263.38,12430
2026-05-15 10:00:00,2263.38,2263.53,2254.14,2254.7,8140
2026-05-15 11:00:00,2254.7,2263.95,2254.3,2263.22,13312
2026-05-15 12:00:00,2263.22,2269.39,2259.5,2268.85,3377
2026-05-15 13:00:00,2268.85,2283.95,2266.85,2274.78,5097
2026-05-15 14:00:00,2274.78,2274.95,2261.91,2268.0,7581
2026-05-15 15:00:00,2268.0,2279.01,2267.59,2278.51,12003
2026-05-15 16:00:00,2278.51,2278.77,2261.99,2268.04,12872
2026-05-15 17:00:00,2268.04,2277.04,2267.93,2272.44,8195
2026-05-15 18:00:00,2272.44,2291.69,2272.3,2288.91,4825
2026-05-15 19:00:00,2288.91,2289.32,2281.74,2285.67,2007
2026-05-15 20:00:00,2285.67,2291.88,2276.01,2283.83,5245
2026-05-15 21:00:00,2283.83,2285.93,2283.57,2284.19,5616
2026-05-15 22:00:00,2284.19,2295.15,2279.15,2282.56,5377
2026-05-15 23:00:00,2282.56,2282.99,2273.63,2277.5,6314
2026-05-16 00:00:00,2277.5,2283.07,2274.54,2277.75,1959
2026-05-16 01:00:00,2277.75,2277.9,2271.16,2274.3,2905
2026-05-16 02:00:00,2274.3,2279.09,2269.9,2275.88,5595
2026-05-16 03:00:00,2275.88,2280.38,2267.12,2272.89,3536
2026-05-16 04:00:00,2272.89,2283.52,2272.56,2278.0,4177
2026-05-16 05:00:00,2278.0,2279.2,2263.5,2275.46,3244
2026-05-16 06:00:00,2275.46,2278.26,2271.17,2274.43,4483
2026-05-16 07:00:00,2274.43,2278.56,2263.0,2277.13,3858
2026-05-16 08:00:00,2277.13,2277.39,2267.09,2267.94,6008
2026-05-16 09:00:00,2267.94,2272.15,2263.25,2269.65,5889
2026-05-16 10:00:00,2269.65,2282.17,2269.5,2279.46,4974
2026-05-16 11:00:00,2279.46,2279.93,2264.51,2267.44,13811
2026-05-16 12:00:00,2267.44,2284.26,2263.56,2268.84,8478
2026-05-16 13:00:00,2268.84,2272.44,2267.25,2270.8,13670
2026-05-16 14:00:00,2270.8,2277.37,2270.6,2276.67,11497
2026-05-16 15:00:00,2276.67,2277.14,2266.98,2267.44,6694
2026-05-16 16:00:00,2267.44,2267.77,2255.91,2257.62,11389
2026-05-16 17:00:00,2257.62,2266.44,2257.15,2261.52,7552
2026-05-16 18:00:00,2261.52,2266.25,2259.87,2263.75,4668
2026-05-16 19:00:00,2263.75,2268.38,2262.91,2264.59,5061
2026-05-16 20:00:00,2264.59,2271.5,2264.49,2265.75,5602
2026-05-16 21:00:00,2265.75,2267.31,2256.45,2263.56,5357
2026-05-16 22:00:00,2263.56,2269.5,2254.43,2264.35,5517
2026-05-16 23:00:00,2264.35,2271.54,2262.05,2265.33,5944
2026-05-17 00:00:00,2265.33,2267.28,2259.88,2263.03,4464
2026-05-17 01:00:00,2263.03,2271.15,2262.75,2269.14,2530
2026-05-17 02:00:00,2269.14,2274.66,2268.82,2270.72,4047
2026-05-17 03:00:00,2270.72,2270.86,2264.14,2266.86,4022
2026-05-17 04:00:00,2266.86,2270.72,2266.38,2269.03,6119
2026-05-17 05:00:00,2269.03,2270.95,2255.84,2265.87,3375
2026-05-17 06:00:00,2265.87,2270.17,2265.46,2268.47,2089
2026-05-17 07:00:00,2268.47,2280.14,2268.13,2272.29,3780
2026-05-17 08:00:00,2272.29,2272.68,2265.22,2266.17,10122
2026-05-17 09:00:00,2266.17,2274.17,2265.72,2273.39,8610
2026-05-17 10:00:00,2273.39,2277.22,2273.13,2276.5,11873
2026-05-17 11:00:00,2276.5,2289.04,2276.26,2282.69,11391
2026-05-17 12:00:00,2282.69,2303.19,2282.19,2297.0,7354
2026-05-17 13:00:00,2297.0,2302.47,2292.44,2295.16,12432
2026-05-17 14:00:00,2295.16,2295.61,2283.7,2289.49,7563
2026-05-17 15:00:00,2289.49,2289.78,2274.49,2282.82,8126
2026-05-17 16:00:00,2282.82,2286.71,2273.6,2276.71,13109
2026-05-17 17:00:00,2276.71,2284.19,2271.31,2276.15,3854
2026-05-17 18:00:00,2276.15,2280.58,2270.79,2278.73,2966
2026-05-17 19:00:00,2278.73,2286.79,2277.38,2279.66,2235
2026-05-17 20:00:00,2279.66,2285.31,2279.33,2282.41,1839
2026-05-17 21:00:00,2282.41,2290.72,2280.56,2282.48,5087
2026-05-17 22:00:00,2282.48,2299.46,2277.38,2287.29,2876
2026-05-17 23:00:00,2287.29,2295.02,2281.26,2286.45,6219
2026-05-18 00:00:00,2286.45,2296.44,2286.2,2295.45,2204
2026-05-18 01:00:00,2295.45,2299.21,2295.08,2297.55,5224
2026-05-18 02:00:00,2297.55,2306.6,2280.85,2294.74,5918
2026-05-18 03:00:00,2294.74,2306.96,2290.44,2291.23,4408
2026-05-18 04:00:00,2291.23,2294.45,2289.11,2292.85,3474
2026-05-18 05:00:00,2292.85,2295.03,2289.6,2292.14,2968
2026-05-18 06:00:00,2292.14,2300.62,2291.99,2294.53,3642
2026-05-18 07:00:00,2294.53,2303.35,2286.1,2296.12,2052
2026-05-18 08:00:00,2296.12,2296.93,2293.1,2295.59,10980
2026-05-18 09:00:00,2295.59,2295.96,2286.89,2289.22,5035
2026-05-18 10:00:00,2289.22,2289.42,2277.5,2277.85,5880
2026-05-18 11:00:00,2277.85,2278.15,2271.9,2274.52,4514
2026-05-18 12:00:00,2274.52,2288.68,2274.24,2280.96,10828
2026-05-18 13:00:00,2280.96,2283.23,2280.65,2282.59,12564
2026-05-18 14:00:00,2282.59,2282.69,2263.99,2273.26,4688
2026-05-18 15:00:00,2273.26,2274.94,2273.16,2274.58,3891
2026-05-18 16:00:00,2274.58,2281.81,2271.11,2277.48,5192
2026-05-18 17:00:00,2277.48,2277.74,2269.45,2270.88,3938
2026-05-18 18:00:00,2270.88,2272.5,2267.75,2272.05,2957
2026-05-18 19:00:00,2272.05,2276.9,2265.49,2272.27,2129
2026-05-18 20:00:00,2272.27,2273.75,2266.88,2268.56,1974
2026-05-18 21:00:00,2268.56,2270.28,2262.08,2269.75,6132
2026-05-18 22:00:00,2269.75,2274.15,2269.48,2271.62,5580
2026-05-18 23:00:00,2271.62,2279.59,2270.11,2275.19,6280
2026-05-19 00:00:00,2275.19,2281.84,2274.95,2278.67,3260
2026-05-19 01:00:00,2278.67,2278.86,2271.89,2274.18,4582
2026-05-19 02:00:00,2274.18,2277.45,2260.25,2271.14,6208
2026-05-19 03:00:00,2271.14,2273.28,2270.57,2272.86,5474
2026-05-19 04:00:00,2272.86,2276.13,2272.36,2274.57,4898
2026-05-19 05:00:00,2274.57,2278.17,2274.17,2276.28,3823
2026-05-19 06:00:00,2276.28,2291.76,2275.89,2288.97,5061
2026-05-19 07:00:00,2288.97,2294.61,2288.8,2290.88,3892
2026-05-19 08:00:00,2290.88,2311.49,2290.44,2299.48,11756
2026-05-19 09:00:00,2299.48,2309.58,2299.11,2306.73,8613
2026-05-19 10:00:00,2306.73,2313.47,2303.93,2311.7,11668
2026-05-19 11:00:00,2311.7,2319.62,2292.12,2309.32,13917
2026-05-19 12:00:00,2309.32,2315.33,2308.95,2315.12,6872
2026-05-19 13:00:00,2315.12,2316.56,2308.5,2309.25,6617
2026-05-19 14:00:00,2309.25,2312.63,2304.31,2307.47,12342
2026-05-19 15:00:00,2307.47,2310.02,2297.56,2303.81,13976
2026-05-19 16:00:00,2303.81,2307.04,2300.29,2304.44,3306
2026-05-19 17:00:00,2304.44,2330.65,2304.05,2322.09,10883
2026-05-19 18:00:00,2322.09,2322.5,2304.09,2307.88,4080
2026-05-19 19:00:00,2307.88,2314.85,2296.53,2310.19,5291
2026-05-19 20:00:00,2310.19,2317.81,2294.91,2304.86,2660
2026-05-19 21:00:00,2304.86,2307.55,2300.9,2303.32,2333
2026-05-19 22:00:00,2303.32,2317.4,2303.03,2306.96,3498
2026-05-19 23:00:00,2306.96,2309.9,2300.37,2307.2,2702
2026-05-20 00:00:00,2307.2,2307.48,2293.43,2303.65,3675
2026-05-20 01:00:00,2303.65,2304.7,2293.37,2301.31,2881
2026-05-20 02:00:00,2301.31,2305.02,2301.02,2303.59,5673
2026-05-20 03:00:00,2303.59,2310.35,2300.01,2301.2,4288
2026-05-20 04:00:00,2301.2,2307.65,2301.07,2301.94,4321
2026-05-20 05:00:00,2301.94,2305.71,2298.47,2302.12,5677
2026-05-20 06:00:00,2302.12,2302.28,2291.42,2299.99,1841
2026-05-20 07:00:00,2299.99,2308.07,2299.61,2307.13,2861
2026-05-20 08:00:00,2307.13,2314.91,2306.95,2311.97,12520
2026-05-20 09:00:00,2311.97,2312.35,2294.04,2296.63,13455
2026-05-20 10:00:00,2296.63,2299.09,2292.21,2298.05,5489
2026-05-20 11:00:00,2298.05,2298.17,2282.72,2293.07,4083
2026-05-20 12:00:00,2293.07,2304.57,2292.75,2299.53,3707
2026-05-20 13:00:00,2299.53,2299.93,2289.63,2293.56,7024
2026-05-20 14:00:00,2293.56,2293.99,2287.27,2292.71,8998
2026-05-20 15:00:00,2292.71,2302.99,2289.54,2296.54,6252
2026-05-20 16:00:00,2296.54,2305.1,2295.44,2303.11,7020
2026-05-20 17:00:00,2303.11,2303.51,2279.71,2294.05,5680
2026-05-20 18:00:00,2294.05,2294.52,2285.72,2291.54,3557
2026-05-20 19:00:00,2291.54,2292.58,2288.22,2290.0,4404
2026-05-20 20:00:00,2290.0,2301.84,2283.16,2287.88,4695
2026-05-20 21:00:00,2287.88,2300.37,2287.61,2293.73,5951
2026-05-20 22:00:00,2293.73,2295.9,2293.43,2295.1,4917
2026-05-20 23:00:00,2295.1,2295.42,2290.66,2290.96,3880
2026-05-21 00:00:00,2290.96,2311.42,2286.93,2294.02,1516
2026-05-21 01:00:00,2294.02,2301.88,2293.58,2301.07,1823
2026-05-21 02:00:00,2301.07,2307.06,2299.02,2304.52,3570
2026-05-21 03:00:00,2304.52,2304.82,2297.58,2299.51,2430
2026-05-21 04:00:00,2299.51,2299.66,2285.96,2297.94,6054
2026-05-21 05:00:00,2297.94,2304.88,2295.33,2302.16,6152
2026-05-21 06:00:00,2302.16,2307.07,2296.8,2299.85,2944
2026-05-21 07:00:00,2299.85,2304.93,2299.63,2301.34,5536
2026-05-21 08:00:00,2301.34,2310.77,2299.08,2307.24,4184
2026-05-21 09:00:00,2307.24,2307.65,2296.16,2300.23,10784
2026-05-21 10:00:00,2300.23,2300.84,2297.87,2299.79,13314
2026-05-21 11:00:00,2299.79,2300.25,2274.0,2275.4,6613
2026-05-21 12:00:00,2275.4,2275.75,2264.64,2267.76,6646
2026-05-21 13:00:00,2267.76,2272.53,2260.43,2265.89,10115
2026-05-21 14:00:00,2265.89,2266.35,2252.34,2256.62,8676
2026-05-21 15:00:00,2256.62,2274.29,2256.21,2268.8,8111
2026-05-21 16:00:00,2268.8,2269.07,2256.75,2258.16,8949
2026-05-21 17:00:00,2258.16,2258.43,2245.37,2254.91,9444
2026-05-21 18:00:00,2254.91,2258.07,2249.17,2255.9,1591
2026-05-21 19:00:00,2255.9,2265.24,2254.14,2260.62,6447
2026-05-21 20:00:00,2260.62,2260.73,2248.52,2255.97,6440
2026-05-21 21:00:00,2255.97,2271.59,2252.58,2259.78,6262
2026-05-21 22:00:00,2259.78,2264.94,2254.13,2259.84,3253
2026-05-21 23:00:00,2259.84,2260.05,2254.5,2256.68,6392
2026-05-22 00:00:00,2256.68,2260.23,2253.89,2258.21,1587
2026-05-22 01:00:00,2258.21,2262.07,2252.88,2258.88,3141
2026-05-22 02:00:00,2258.88,2260.83,2251.8,2256.96,4462
2026-05-22 03:00:00,2256.96,2267.71,2252.69,2257.21,3642
2026-05-22 04:00:00,2257.21,2264.32,2254.59,2255.99,2050
2026-05-22 05:00:00,2255.99,2261.5,2254.49,2256.39,3946
2026-05-22 06:00:00,2256.39,2265.06,2251.32,2258.57,3451
2026-05-22 07:00:00,2258.57,2265.51,2257.9,2263.76,3790
2026-05-22 08:00:00,2263.76,2264.13,2253.71,2254.57,11741
2026-05-22 09:00:00,2254.57,2279.04,2254.17,2270.47,4670
2026-05-22 10:00:00,2270.47,2270.8,2247.89,2255.95,11565
2026-05-22 11:00:00,2255.95,2256.12,2251.92,2254.84,13851
2026-05-22 12:00:00,2254.84,2259.96,2254.51,2259.23,10542
2026-05-22 13:00:00,2259.23,2262.19,2258.8,2261.34,11730
2026-05-22 14:00:00,2261.34,2262.44,2255.87,2256.72,9044
2026-05-22 15:00:00,2256.72,2262.25,2249.06,2255.2,3654
2026-05-22 16:00:00,2255.2,2255.64,2246.28,2251.56,7682
2026-05-22 17:00:00,2251.56,2252.43,2245.1,2247.21,7880
2026-05-22 18:00:00,2247.21,2253.8,2246.83,2253.52,4513
2026-05-22 19:00:00,2253.52,2258.66,2253.09,2254.71,1536
2026-05-22 20:00:00,2254.71,2255.11,2251.61,2252.49,2345
2026-05-22 21:00:00,2252.49,2255.71,2249.42,2255.43,4376
2026-05-22 22:00:00,2255.43,2262.05,2247.96,2256.46,4846
2026-05-22 23:00:00,2256.46,2259.46,2255.17,2259.13,5554
2026-05-23 00:00:00,2259.13,2269.49,2251.81,2261.21,5700
2026-05-23 01:00:00,2261.21,2261.32,2257.02,2258.54,1835
2026-05-23 02:00:00,2258.54,2262.73,2252.95,2256.74,4597
2026-05-23 03:00:00,2256.74,2263.62,2253.01,2259.2,3843
2026-05-23 04:00:00,2259.2,2267.19,2255.65,2261.22,3060
2026-05-23 05:00:00,2261.22,2265.89,2260.09,2261.17,6481
2026-05-23 06:00:00,2261.17,2271.48,2255.4,2261.58,5664
2026-05-23 07:00:00,2261.58,2279.98,2259.24,2265.78,5746
2026-05-23 08:00:00,2265.78,2265.93,2252.56,2261.39,4754
2026-05-23 09:00:00,2261.39,2268.99,2261.09,2265.48,13974
2026-05-23 10:00:00,2265.48,2271.94,2260.41,2263.99,11525
2026-05-23 11:00:00,2263.99,2266.18,2260.98,2262.39,10302
2026-05-23 12:00:00,2262.39,2271.01,2261.99,2270.6,6567
2026-05-23 13:00:00,2270.6,2277.71,2270.23,2276.8,8599
2026-05-23 14:00:00,2276.8,2293.23,2276.52,2282.92,12755
2026-05-23 15:00:00,2282.92,2294.54,2282.76,2292.77,8874
2026-05-23 16:00:00,2292.77,2294.64,2287.75,2292.95,3306
2026-05-23 17:00:00,2292.95,2304.35,2290.54,2298.12,10113
2026-05-23 18:00:00,2298.12,2298.23,2295.04,2295.79,4348
2026-05-23 19:00:00,2295.79,2302.4,2287.45,2296.89,1526
2026-05-23 20:00:00,2296.89,2297.36,2291.06,2296.49,2464
2026-05-23 21:00:00,2296.49,2301.4,2290.22,2296.84,4596
2026-05-23 22:00:00,2296.84,2309.54,2296.28,2298.83,1571
2026-05-23 23:00:00,2298.83,2304.03,2288.99,2296.16,4447
2026-05-24 00:00:00,2296.16,2306.34,2294.28,2303.11,3815
2026-05-24 01:00:00,2303.11,2309.99,2283.75,2299.81,5397
2026-05-24 02:00:00,2299.81,2300.06,2295.08,2295.82,5990
2026-05-24 03:00:00,2295.82,2300.03,2295.68,2299.68,6464
2026-05-24 04:00:00,2299.68,2309.51,2299.52,2302.33,3911
2026-05-24 05:00:00,2302.33,2305.95,2302.09,2304.43,1616
2026-05-24 06:00:00,2304.43,2313.14,2304.07,2306.54,3711
2026-05-24 07:00:00,2306.54,2317.01,2306.06,2306.53,4424
2026-05-24 08:00:00,2306.53,2306.87,2294.27,2299.74,9541
2026-05-24 09:00:00,2299.74,2301.51,2294.4,2300.34,4567
2026-05-24 10:00:00,2300.34,2300.7,2286.05,2295.23,4996
2026-05-24 11:00:00,2295.23,2303.35,2295.11,2302.63,3737
2026-05-24 12:00:00,2302.63,2305.46,2293.97,2301.53,7161
2026-05-24 13:00:00,2301.53,2301.98,2286.11,2295.31,3693
2026-05-24 14:00:00,2295.31,2295.43,2290.13,2292.9,8591
2026-05-24 15:00:00,2292.9,2296.55,2291.45,2296.03,10610
2026-05-24 16:00:00,2296.03,2296.44,2289.59,2291.79,13745
2026-05-24 17:00:00,2291.79,2292.26,2273.24,2285.62,13800
2026-05-24 18:00:00,2285.62,2303.38,2282.04,2287.47,3801
2026-05-24 19:00:00,2287.47,2294.52,2286.62,2288.3,4488
2026-05-24 20:00:00,2288.3,2288.43,2285.15,2286.66,3102
2026-05-24 21:00:00,2286.66,2289.01,2278.54,2285.14,2619
2026-05-24 22:00:00,2285.14,2298.49,2279.95,2285.93,3714
2026-05-24 23:00:00,2285.93,2286.11,2280.23,2281.2,3411
2026-05-25 00:00:00,2281.2,2281.55,2274.98,2276.6,4401
2026-05-25 01:00:00,2276.6,2277.05,2271.39,2274.28,2585
2026-05-25 02:00:00,2274.28,2276.33,2271.04,2273.61,1673
2026-05-25 03:00:00,2273.61,2276.82,2269.78,2274.65,5032
2026-05-25 04:00:00,2274.65,2281.52,2274.51,2279.52,6219
2026-05-25 05:00:00,2279.52,2283.54,2279.31,2282.36,2738
2026-05-25 06:00:00,2282.36,2283.48,2280.65,2281.87,4810
2026-05-25 07:00:00,2281.87,2286.18,2277.6,2281.83,6334
2026-05-25 08:00:00,2281.83,2289.42,2267.88,2274.33,11688
2026-05-25 09:00:00,2274.33,2276.97,2272.01,2274.21,11695
2026-05-25 10:00:00,2274.21,2281.4,2270.67,2272.07,13794
2026-05-25 11:00:00,2272.07,2277.09,2271.92,2274.5,7640
2026-05-25 12:00:00,2274.5,2274.88,2266.17,2268.33,11620
2026-05-25 13:00:00,2268.33,2274.7,2268.15,2272.23,8236
2026-05-25 14:00:00,2272.23,2291.03,2271.86,2283.74,6945
2026-05-25 15:00:00,2283.74,2293.08,2268.39,2282.94,4206
2026-05-25 16:00:00,2282.94,2287.03,2282.43,2285.98,10802
2026-05-25 17:00:00,2285.98,2291.86,2285.67,2291.2,12302
2026-05-25 18:00:00,2291.2,2291.48,2286.94,2288.19,2882
2026-05-25 19:00:00,2288.19,2289.59,2287.51,2288.96,2623
2026-05-25 20:00:00,2288.96,2289.29,2288.42,2289.03,5829
2026-05-25 21:00:00,2289.03,2297.83,2286.64,2289.38,5512
2026-05-25 22:00:00,2289.38,2289.55,2277.64,2286.86,3743
2026-05-25 23:00:00,2286.86,2290.43,2278.39,2286.97,4089
2026-05-26 00:00:00,2286.97,2291.17,2283.61,2288.64,3278
2026-05-26 01:00:00,2288.64,2298.32,2288.42,2293.45,2629
2026-05-26 02:00:00,2293.45,2304.93,2293.32,2296.65,2144
2026-05-26 03:00:00,2296.65,2308.35,2293.32,2303.81,5022
2026-05-26 04:00:00,2303.81,2304.22,2294.79,2301.3,3057
2026-05-26 05:00:00,2301.3,2305.7,2300.79,2304.22,6001
2026-05-26 06:00:00,2304.22,2309.71,2297.52,2304.85,4273
2026-05-26 07:00:00,2304.85,2312.47,2304.53,2312.16,4285
2026-05-26 08:00:00,2312.16,2315.67,2300.39,2306.04,7053
2026-05-26 09:00:00,2306.04,2307.18,2291.06,2299.69,9022
2026-05-26 10:00:00,2299.69,2299.89,2292.8,2295.17,11314
2026-05-26 11:00:00,2295.17,2295.6,2278.15,2279.2,4122
2026-05-26 12:00:00,2279.2,2279.38,2274.14,2275.28,6846
2026-05-26 13:00:00,2275.28,2275.63,2258.46,2269.62,4298
2026-05-26 14:00:00,2269.62,2277.09,2268.66,2270.76,12753
2026-05-26 15:00:00,2270.76,2273.91,2267.56,2273.33,6545
2026-05-26 16:00:00,2273.33,2295.99,2272.93,2287.43,5176
2026-05-26 17:00:00,2287.43,2304.93,2287.3,2294.62,4890
2026-05-26 18:00:00,2294.62,2297.73,2288.03,2290.28,2891
2026-05-26 19:00:00,2290.28,2290.73,2282.99,2287.35,3887
2026-05-26 20:00:00,2287.35,2295.39,2281.28,2289.0,1761
2026-05-26 21:00:00,2289.0,2289.44,2282.87,2284.68,2042
2026-05-26 22:00:00,2284.68,2291.75,2284.42,2290.74,2050
2026-05-26 23:00:00,2290.74,2297.15,2290.27,2294.66,5297
2026-05-27 00:00:00,2294.66,2297.76,2285.59,2293.14,2137
2026-05-27 01:00:00,2293.14,2293.24,2281.75,2287.52,1664
2026-05-27 02:00:00,2287.52,2295.87,2282.49,2292.01,4305
2026-05-27 03:00:00,2292.01,2295.45,2287.15,2291.66,2120
2026-05-27 04:00:00,2291.66,2300.19,2291.31,2295.78,2723
2026-05-27 05:00:00,2295.78,2296.24,2289.75,2290.54,4842
2026-05-27 06:00:00,2290.54,2290.68,2286.99,2288.59,1550
2026-05-27 07:00:00,2288.59,2292.04,2283.2,2288.64,1988
2026-05-27 08:00:00,2288.64,2289.73,2287.84,2289.01,4760
2026-05-27 09:00:00,2289.01,2289.51,2285.04,2285.64,6041
2026-05-27 10:00:00,2285.64,2295.15,2285.16,2290.35,9262
2026-05-27 11:00:00,2290.35,2290.51,2281.18,2282.33,12894
2026-05-27 12:00:00,2282.33,2282.75,2276.55,2281.28,12469
2026-05-27 13:00:00,2281.28,2286.54,2277.56,2282.2,11994
2026-05-27 14:00:00,2282.2,2290.71,2281.89,2286.09,9000
2026-05-27 15:00:00,2286.09,2292.76,2285.68,2291.46,5236
2026-05-27 16:00:00,2291.46,2291.82,2274.39,2283.01,4254
2026-05-27 17:00:00,2283.01,2283.43,2268.98,2271.53,7664
2026-05-27 18:00:00,2271.53,2282.44,2271.18,2281.12,5952
2026-05-27 19:00:00,2281.12,2282.76,2275.88,2282.24,5613
2026-05-27 20:00:00,2282.24,2284.48,2278.46,2279.81,5370
2026-05-27 21:00:00,2279.81,2289.89,2279.59,2284.94,4122
2026-05-27 22:00:00,2284.94,2288.29,2281.14,2285.35,3292
2026-05-27 23:00:00,2285.35,2292.11,2282.26,2289.26,4298
2026-05-28 00:00:00,2289.26,2305.2,2280.52,2289.51,5012
2026-05-28 01:00:00,2289.51,2297.55,2287.58,2296.34,2993
2026-05-28 02:00:00,2296.34,2305.78,2296.05,2302.18,4179
2026-05-28 03:00:00,2302.18,2302.45,2296.93,2301.39,3125
2026-05-28 04:00:00,2301.39,2313.44,2300.9,2304.64,3919
2026-05-28 05:00:00,2304.64,2317.77,2302.29,2306.81,4517
2026-05-28 06:00:00,2306.81,2312.33,2306.53,2311.39,3347
2026-05-28 07:00:00,2311.39,2314.05,2300.61,2308.21,4746
2026-05-28 08:00:00,2308.21,2329.79,2307.75,2313.44,6683
2026-05-28 09:00:00,2313.44,2323.57,2312.94,2321.54,6195
2026-05-28 10:00:00,2321.54,2321.78,2306.51,2308.15,7081
2026-05-28 11:00:00,2308.15,2308.53,2290.09,2299.2,7590
2026-05-28 12:00:00,2299.2,2299.43,2279.05,2283.83,3790
2026-05-28 13:00:00,2283.83,2294.94,2279.54,2281.83,7757
2026-05-28 14:00:00,2281.83,2288.26,2281.57,2287.24,6703
2026-05-28 15:00:00,2287.24,2302.51,2286.95,2298.6,11611
2026-05-28 16:00:00,2298.6,2303.48,2291.4,2299.18,11490
2026-05-28 17:00:00,2299.18,2313.16,2299.05,2311.55,6650
2026-05-28 18:00:00,2311.55,2311.89,2293.48,2301.09,4203
2026-05-28 19:00:00,2301.09,2301.53,2293.09,2295.48,3472
2026-05-28 20:00:00,2295.48,2307.89,2290.73,2295.33,6028
2026-05-28 21:00:00,2295.33,2302.56,2294.56,2296.63,6104
2026-05-28 22:00:00,2296.63,2297.35,2286.72,2296.55,6103
2026-05-28 23:00:00,2296.55,2307.46,2282.93,2289.75,2116
2026-05-29 00:00:00,2289.75,2291.23,2289.04,2289.48,6015
2026-05-29 01:00:00,2289.48,2293.66,2283.36,2285.21,5669
2026-05-29 02:00:00,2285.21,2288.86,2282.67,2287.44,4121
2026-05-29 03:00:00,2287.44,2297.51,2287.12,2288.68,5741
2026-05-29 04:00:00,2288.68,2292.38,2283.97,2285.61,3593
2026-05-29 05:00:00,2285.61,2286.1,2283.43,2283.95,3264
2026-05-29 06:00:00,2283.95,2284.17,2277.13,2280.5,4676
2026-05-29 07:00:00,2280.5,2293.23,2278.32,2280.32,2632
2026-05-29 08:00:00,2280.32,2290.02,2279.88,2287.52,12575
2026-05-29 09:00:00,2287.52,2287.63,2278.3,2280.12,11154
2026-05-29 10:00:00,2280.12,2285.62,2279.99,2283.93,5645
2026-05-29 11:00:00,2283.93,2286.41,2277.35,2279.96,8021
2026-05-29 12:00:00,2279.96,2280.17,2272.79,2274.04,4851
2026-05-29 13:00:00,2274.04,2274.42,2271.09,2273.25,8487
2026-05-29 14:00:00,2273.25,2273.51,2261.29,2265.54,11074
2026-05-29 15:00:00,2265.54,2269.71,2259.16,2261.43,11686
2026-05-29 16:00:00,2261.43,2261.54,2249.27,2252.55,8734
2026-05-29 17:00:00,2252.55,2270.2,2252.08,2267.18,12247
2026-05-29 18:00:00,2267.18,2277.77,2258.85,2267.46,4960
2026-05-29 19:00:00,2267.46,2267.8,2259.58,2265.21,5268
2026-05-29 20:00:00,2265.21,2266.4,2263.71,2265.93,3434
2026-05-29 21:00:00,2265.93,2266.47,2264.12,2265.59,3819
2026-05-29 22:00:00,2265.59,2274.42,2256.21,2264.9,4372
2026-05-29 23:00:00,2264.9,2269.17,2263.92,2266.93,1709
2026-05-30 00:00:00,2266.93,2270.59,2265.55,2269.43,6334
2026-05-30 01:00:00,2269.43,2276.3,2263.73,2267.73,4307
2026-05-30 02:00:00,2267.73,2268.61,2262.58,2265.88,5754
2026-05-30 03:00:00,2265.88,2266.29,2261.2,2265.01,5462
2026-05-30 04:00:00,2265.01,2265.12,2257.07,2257.54,6336
2026-05-30 05:00:00,2257.54,2263.61,2249.24,2252.64,3453
2026-05-30 06:00:00,2252.64,2264.07,2250.83,2257.11,3890
2026-05-30 07:00:00,2257.11,2268.07,2256.33,2262.49,5025
2026-05-30 08:00:00,2262.49,2262.6,2258.45,2260.65,13846
2026-05-30 09:00:00,2260.65,2267.05,2260.29,2264.97,10370
2026-05-30 10:00:00,2264.97,2271.32,2264.77,2267.31,8676
2026-05-30 11:00:00,2267.31,2300.41,2266.85,2290.42,8982
2026-05-30 12:00:00,2290.42,2306.49,2289.99,2298.9,3608
2026-05-30 13:00:00,2298.9,2300.06,2296.38,2297.95,12837
2026-05-30 14:00:00,2297.95,2298.41,2286.43,2290.75,3940
2026-05-30 15:00:00,2290.75,2295.53,2276.31,2278.68,9600
2026-05-30 16:00:00,2278.68,2287.75,2278.31,2280.23,12489
2026-05-30 17:00:00,2280.23,2280.58,2271.64,2274.57,9035
2026-05-30 18:00:00,2274.57,2275.01,2260.97,2263.97,5436
2026-05-30 19:00:00,2263.97,2264.44,2248.97,2261.89,4417
2026-05-30 20:00:00,2261.89,2262.28,2254.18,2258.4,3718
2026-05-30 21:00:00,2258.4,2265.81,2258.17,2263.92,3297
2026-05-30 22:00:00,2263.92,2272.58,2255.54,2266.82,2476
2026-05-30 23:00:00,2266.82,2277.52,2265.48,2266.82,2079
2026-05-31 00:00:00,2266.82,2280.2,2266.42,2271.69,4073
2026-05-31 01:00:00,2271.69,2280.92,2270.89,2271.97,4089
2026-05-31 02:00:00,2271.97,2272.26,2268.53,2269.18,4783
2026-05-31 03:00:00,2269.18,2275.36,2268.79,2274.19,3299
2026-05-31 04:00:00,2274.19,2279.16,2267.0,2275.98,2961
2026-05-31 05:00:00,2275.98,2280.12,2270.61,2272.61,5917
2026-05-31 06:00:00,2272.61,2275.72,2271.52,2272.02,5568
2026-05-31 07:00:00,2272.02,2272.46,2265.73,2269.18,4447
2026-05-31 08:00:00,2269.18,2270.94,2247.59,2258.9,4868
2026-05-31 09:00:00,2258.9,2269.32,2258.51,2265.81,8630
2026-05-31 10:00:00,2265.81,2284.59,2265.69,2280.11,7458
2026-05-31 11:00:00,2280.11,2280.53,2268.79,2269.66,11147
2026-05-31 12:00:00,2269.66,2277.75,2269.55,2273.89,6991
2026-05-31 13:00:00,2273.89,2274.33,2268.62,2269.04,8023
2026-05-31 14:00:00,2269.04,2269.35,2255.58,2265.42,5317
2026-05-31 15:00:00,2265.42,2265.7,2253.71,2261.03,8285
2026-05-31 16:00:00,2261.03,2261.31,2254.09,2254.62,8852
2026-05-31 17:00:00,2254.62,2258.0,2241.39,2255.0,7273
2026-05-31 18:00:00,2255.0,2255.33,2247.78,2248.86,5551
2026-05-31 19:00:00,2248.86,2259.37,2246.14,2249.76,2059
2026-05-31 20:00:00,2249.76,2257.36,2246.77,2249.63,2128
2026-05-31 21:00:00,2249.63,2254.58,2247.88,2248.88,4566
2026-05-31 22:00:00,2248.88,2249.25,2237.94,2245.97,3411
2026-05-31 23:00:00,2245.97,2246.32,2242.31,2244.13,5262
2026-06-01 00:00:00,2244.13,2248.3,2243.45,2246.6,5051
2026-06-01 01:00:00,2246.6,2261.06,2236.79,2248.25,3308
2026-06-01 02:00:00,2248.25,2253.24,2242.72,2245.12,3886
2026-06-01 03:00:00,2245.12,2250.9,2237.67,2245.46,3395
2026-06-01 04:00:00,2245.46,2257.09,2245.05,2247.92,5430
2026-06-01 05:00:00,2247.92,2250.2,2233.84,2242.55,2506
2026-06-01 06:00:00,2242.55,2255.99,2241.29,2244.33,1548
2026-06-01 07:00:00,2244.33,2248.2,2239.34,2242.22,3350
2026-06-01 08:00:00,2242.22,2248.91,2242.05,2246.45,7543
2026-06-01 09:00:00,2246.45,2258.73,2240.12,2240.83,7990
2026-06-01 10:00:00,2240.83,2241.18,2226.48,2227.58,6655
2026-06-01 11:00:00,2227.58,2227.97,2213.23,2215.69,4021
2026-06-01 12:00:00,2215.69,2219.2,2213.93,2216.06,9145
2026-06-01 13:00:00,2216.06,2222.34,2214.84,2217.97,13263
2026-06-01 14:00:00,2217.97,2218.76,2206.23,2211.4,4591
2026-06-01 15:00:00,2211.4,2219.0,2209.31,2216.07,10351
2026-06-01 16:00:00,2216.07,2216.33,2194.77,2204.0,6815
2026-06-01 17:00:00,2204.0,2207.73,2202.1,2203.54,11772
2026-06-01 18:00:00,2203.54,2203.66,2192.67,2194.79,3972
2026-06-01 19:00:00,2194.79,2195.27,2184.83,2192.75,4317
2026-06-01 20:00:00,2192.75,2197.86,2189.78,2192.93,6107
2026-06-01 21:00:00,2192.93,2193.3,2189.41,2190.24,2908
2026-06-01 22:00:00,2190.24,2201.09,2187.82,2189.06,2511
2026-06-01 23:00:00,2189.06,2192.92,2188.88,2192.26,6159
2026-06-02 00:00:00,2192.26,2197.77,2188.98,2190.46,5898
2026-06-02 01:00:00,2190.46,2199.59,2189.89,2193.13,5544
2026-06-02 02:00:00,2193.13,2193.41,2185.31,2189.59,2829
2026-06-02 03:00:00,2189.59,2192.14,2188.01,2191.29,4104
2026-06-02 04:00:00,2191.29,2215.25,2185.4,2195.87,3523
2026-06-02 05:00:00,2195.87,2196.92,2184.65,2188.09,6007
2026-06-02 06:00:00,2188.09,2191.89,2180.59,2185.61,4685
2026-06-02 07:00:00,2185.61,2190.62,2182.34,2187.45,6103
2026-06-02 08:00:00,2187.45,2187.87,2180.31,2186.01,12432
2026-06-02 09:00:00,2186.01,2195.88,2185.7,2188.7,9004
2026-06-02 10:00:00,2188.7,2188.83,2182.75,2184.37,10650
2026-06-02 11:00:00,2184.37,2187.21,2183.74,2185.01,3729
2026-06-02 12:00:00,2185.01,2188.7,2181.22,2183.91,7238
2026-06-02 13:00:00,2183.91,2196.94,2182.26,2192.33,5733
2026-06-02 14:00:00,2192.33,2200.88,2192.0,2194.19,9435
2026-06-02 15:00:00,2194.19,2200.55,2186.76,2196.64,8104
2026-06-02 16:00:00,2196.64,2199.66,2188.89,2193.69,4483
2026-06-02 17:00:00,2193.69,2194.59,2184.43,2190.18,13824
2026-06-02 18:00:00,2190.18,2190.54,2185.9,2187.09,2218
2026-06-02 19:00:00,2187.09,2192.0,2181.95,2188.35,5495
2026-06-02 20:00:00,2188.35,2188.65,2186.04,2187.05,1805
2026-06-02 21:00:00,2187.05,2196.99,2182.22,2187.99,1887
2026-06-02 22:00:00,2187.99,2197.77,2187.57,2194.57,2224
2026-06-02 23:00:00,2194.57,2201.76,2188.98,2197.35,4096
2026-06-03 00:00:00,2197.35,2197.82,2195.09,2196.35,3935
2026-06-03 01:00:00,2196.35,2205.96,2195.34,2200.18,3840
2026-06-03 02:00:00,2200.18,2200.6,2198.33,2198.91,1678
2026-06-03 03:00:00,2198.91,2199.12,2191.13,2192.49,3403
2026-06-03 04:00:00,2192.49,2192.8,2188.53,2189.34,3204
2026-06-03 05:00:00,2189.34,2189.5,2183.1,2183.48,4883
2026-06-03 06:00:00,2183.48,2188.54,2179.64,2182.4,5675
2026-06-03 07:00:00,2182.4,2190.22,2179.57,2182.48,6042
2026-06-03 08:00:00,2182.48,2196.95,2182.15,2194.58,13994
2026-06-03 09:00:00,2194.58,2203.19,2191.8,2196.96,13563
2026-06-03 10:00:00,2196.96,2202.6,2185.36,2195.39,3509
2026-06-03 11:00:00,2195.39,2210.37,2195.13,2201.41,6122
2026-06-03 12:00:00,2201.41,2201.59,2184.68,2185.46,3843
2026-06-03 13:00:00,2185.46,2193.86,2179.95,2187.17,5458
2026-06-03 14:00:00,2187.17,2194.88,2186.91,2192.75,12898
2026-06-03 15:00:00,2192.75,2192.89,2181.63,2182.12,6743
2026-06-03 16:00:00,2182.12,2198.97,2181.77,2190.37,8010
2026-06-03 17:00:00,2190.37,2195.82,2187.23,2192.83,4917
2026-06-03 18:00:00,2192.83,2195.83,2188.6,2189.85,4887
2026-06-03 19:00:00,2189.85,2195.18,2189.41,2191.87,4159
2026-06-03 20:00:00,2191.87,2208.19,2191.69,2199.08,1948
2026-06-03 21:00:00,2199.08,2204.03,2198.37,2199.68,3335
2026-06-03 22:00:00,2199.68,2204.93,2198.54,2200.49,6215
2026-06-03 23:00:00,2200.49,2200.7,2198.3,2199.06,2113
2026-06-04 00:00:00,2199.06,2199.48,2192.14,2196.4,2933
2026-06-04 01:00:00,2196.4,2203.14,2193.88,2199.06,2376
2026-06-04 02:00:00,2199.06,2201.35,2192.84,2196.37,4075
2026-06-04 03:00:00,2196.37,2198.13,2195.69,2196.63,2633
2026-06-04 04:00:00,2196.63,2201.93,2187.16,2195.14,6370
2026-06-04 05:00:00,2195.14,2197.84,2188.37,2196.68,2171
2026-06-04 06:00:00,2196.68,2200.57,2196.12,2197.77,3130
2026-06-04 07:00:00,2197.77,2202.52,2197.33,2201.08,4818
2026-06-04 08:00:00,2201.08,2204.26,2196.07,2197.4,4092
2026-06-04 09:00:00,2197.4,2198.11,2193.91,2195.47,8562
2026-06-04 10:00:00,2195.47,2195.81,2187.58,2188.43,11882
2026-06-04 11:00:00,2188.43,2188.88,2183.81,2185.24,5053
2026-06-04 12:00:00,2185.24,2193.11,2184.96,2187.98,7222
2026-06-04 13:00:00,2187.98,2199.63,2187.61,2193.45,3445
2026-06-04 14:00:00,2193.45,2193.72,2174.97,2186.82,9974
2026-06-04 15:00:00,2186.82,2198.49,2186.68,2193.11,7898
2026-06-04 16:00:00,2193.11,2212.46,2192.71,2202.93,8307
2026-06-04 17:00:00,2202.93,2207.25,2202.66,2205.95,11033
2026-06-04 18:00:00,2205.95,2222.67,2205.74,2219.64,1733
2026-06-04 19:00:00,2219.64,2222.56,2214.65,2217.19,2722
2026-06-04 20:00:00,2217.19,2217.62,2208.92,2213.25,4044
2026-06-04 21:00:00,2213.25,2213.43,2205.99,2207.61,2555
2026-06-04 22:00:00,2207.61,2225.27,2204.34,2212.4,6054
2026-06-04 23:00:00,2212.4,2217.5,2209.61,2214.52,4847
2026-06-05 00:00:00,2214.52,2217.62,2210.07,2214.37,2669
2026-06-05 01:00:00,2214.37,2223.69,2213.28,2215.29,5601
2026-06-05 02:00:00,2215.29,2215.48,2211.24,2211.73,1993
2026-06-05 03:00:00,2211.73,2220.34,2211.58,2219.56,4679
2026-06-05 04:00:00,2219.56,2222.28,2218.83,2220.0,5343
2026-06-05 05:00:00,2220.0,2223.95,2218.96,2220.37,2863
2026-06-05 06:00:00,2220.37,2227.54,2218.82,2222.72,4898
2026-06-05 07:00:00,2222.72,2239.66,2222.6,2224.29,2556
2026-06-05 08:00:00,2224.29,2228.48,2220.98,2225.95,3612
2026-06-05 09:00:00,2225.95,2230.32,2218.34,2220.18,10593
2026-06-05 10:00:00,2220.18,2226.37,2216.59,2223.65,13928
2026-06-05 11:00:00,2223.65,2241.24,2223.31,2237.48,9400
2026-06-05 12:00:00,2237.48,2248.04,2237.25,2247.43,7444
2026-06-05 13:00:00,2247.43,2260.91,2247.33,2259.27,8280
2026-06-05 14:00:00,2259.27,2259.37,2253.63,2255.48,7532
2026-06-05 15:00:00,2255.48,2255.89,2236.98,2248.17,12199
2026-06-05 16:00:00,2248.17,2249.58,2241.71,2247.25,8758
2026-06-05 17:00:00,2247.25,2253.19,2246.4,2247.68,7458
2026-06-05 18:00:00,2247.68,2258.54,2246.49,2255.81,4625
2026-06-05 19:00:00,2255.81,2257.08,2250.07,2250.35,2441
2026-06-05 20:00:00,2250.35,2256.01,2250.04,2255.34,3115
2026-06-05 21:00:00,2255.34,2259.72,2249.99,2254.85,3468
2026-06-05 22:00:00,2254.85,2258.99,2246.48,2253.49,4722
2026-06-05 23:00:00,2253.49,2253.71,2245.53,2250.24,5650
2026-06-06 00:00:00,2250.24,2254.32,2238.54,2244.91,2971
2026-06-06 01:00:00,2244.91,2251.79,2244.57,2247.6,2558
2026-06-06 02:00:00,2247.6,2252.65,2240.06,2247.86,2506
2026-06-06 03:00:00,2247.86,2250.56,2239.96,2243.72,4690
2026-06-06 04:00:00,2243.72,2243.85,2232.3,2239.57,2720
2026-06-06 05:00:00,2239.57,2239.71,2237.37,2238.51,6161
2026-06-06 06:00:00,2238.51,2247.83,2238.06,2243.93,6366
2026-06-06 07:00:00,2243.93,2245.7,2241.14,2243.11,3297
2026-06-06 08:00:00,2243.11,2243.36,2228.49,2232.06,14240
2026-06-06 09:00:00,2232.06,2238.16,2228.1,2230.27,9616
2026-06-06 10:00:00,2230.27,2232.12,2223.46,2228.29,4428
2026-06-06 11:00:00,2228.29,2228.76,2206.36,2208.61,6857
2026-06-06 12:00:00,2208.61,2210.55,2201.97,2208.23,13237
2026-06-06 13:00:00,2208.23,2208.49,2192.78,2206.57,13446
2026-06-06 14:00:00,2206.57,2219.51,2206.16,2211.65,11565
2026-06-06 15:00:00,2211.65,2228.85,2211.4,2225.17,7770
2026-06-06 16:00:00,2225.17,2239.85,2224.93,2233.46,10362
2026-06-06 17:00:00,2233.46,2237.29,2226.74,2231.5,4848
2026-06-06 18:00:00,2231.5,2231.73,2218.67,2223.4,3173
2026-06-06 19:00:00,2223.4,2232.39,2223.02,2231.68,5199
2026-06-06 20:00:00,2231.68,2236.76,2228.5,2231.9,3591
2026-06-06 21:00:00,2231.9,2233.58,2230.56,2231.97,6453
2026-06-06 22:00:00,2231.97,2234.07,2224.6,2231.92,4348
2026-06-06 23:00:00,2231.92,2245.52,2227.16,2232.59,5814
2026-06-07 00:00:00,2232.59,2234.58,2224.85,2232.15,6163
2026-06-07 01:00:00,2232.15,2232.38,2229.94,2230.34,3277
2026-06-07 02:00:00,2230.34,2230.8,2224.01,2228.61,5853
2026-06-07 03:00:00,2228.61,2233.65,2226.39,2228.53,2392
2026-06-07 04:00:00,2228.53,2231.43,2223.53,2226.81,2471
2026-06-07 05:00:00,2226.81,2230.8,2223.42,2224.55,1602
2026-06-07 06:00:00,2224.55,2229.65,2219.7,2224.92,2607
2026-06-07 07:00:00,2224.92,2235.91,2223.87,2224.13,4746
2026-06-07 08:00:00,2224.13,2238.64,2223.79,2235.19,11466
2026-06-07 09:00:00,2235.19,2235.51,2211.81,2215.79,10817
2026-06-07 10:00:00,2215.79,2227.04,2215.65,2223.78,12432
2026-06-07 11:00:00,2223.78,2239.14,2223.32,2232.94,11349
2026-06-07 12:00:00,2232.94,2233.43,2215.06,2217.77,14137
2026-06-07 13:00:00,2217.77,2219.97,2214.76,2215.28,5321
2026-06-07 14:00:00,2215.28,2220.38,2206.0,2212.59,13314
2026-06-07 15:00:00,2212.59,2212.73,2198.78,2202.38,12599
2026-06-07 16:00:00,2202.38,2202.58,2196.47,2196.77,13393
2026-06-07 17:00:00,2196.77,2197.13,2187.34,2188.77,8045
2026-06-07 18:00:00,2188.77,2205.41,2188.53,2201.45,2081
2026-06-07 19:00:00,2201.45,2215.26,2200.96,2204.44,2295
2026-06-07 20:00:00,2204.44,2210.8,2198.62,2208.51,4697
2026-06-07 21:00:00,2208.51,2211.6,2208.09,2210.83,3383
2026-06-07 22:00:00,2210.83,2211.0,2202.09,2207.27,4867
2026-06-07 23:00:00,2207.27,2207.51,2197.13,2205.63,2309
2026-06-08 00:00:00,2205.63,2210.96,2205.48,2207.21,4433
2026-06-08 01:00:00,2207.21,2209.25,2202.34,2203.36,4768
2026-06-08 02:00:00,2203.36,2211.58,2199.53,2205.65,6368
2026-06-08 03:00:00,2205.65,2212.5,2202.52,2204.91,4484
2026-06-08 04:00:00,2204.91,2207.62,2199.21,2203.75,2072
2026-06-08 05:00:00,2203.75,2208.68,2203.55,2206.03,2706
2026-06-08 06:00:00,2206.03,2212.18,2205.56,2207.47,6404
2026-06-08 07:00:00,2207.47,2208.94,2194.45,2206.35,6474
2026-06-08 08:00:00,2206.35,2224.48,2205.98,2214.8,10076
2026-06-08 09:00:00,2214.8,2215.19,2205.46,2206.95,8712
2026-06-08 10:00:00,2206.95,2216.61,2206.78,2211.45,7130
2026-06-08 11:00:00,2211.45,2223.72,2210.96,2215.79,12111
2026-06-08 12:00:00,2215.79,2216.21,2209.0,2213.55,14135
2026-06-08 13:00:00,2213.55,2216.3,2213.34,2215.94,9048
2026-06-08 14:00:00,2215.94,2216.16,2206.32,2206.85,7073
2026-06-08 15:00:00,2206.85,2215.64,2206.72,2213.59,6751
2026-06-08 16:00:00,2213.59,2221.75,2209.05,2212.26,4787
2026-06-08 17:00:00,2212.26,2212.55,2207.3,2208.48,7332
2026-06-08 18:00:00,2208.48,2217.91,2208.15,2216.14,4013
2026-06-08 19:00:00,2216.14,2217.55,2210.21,2213.92,2300
2026-06-08 20:00:00,2213.92,2216.81,2205.41,2209.46,2641
2026-06-08 21:00:00,2209.46,2209.79,2200.58,2204.54,4552
2026-06-08 22:00:00,2204.54,2209.42,2202.3,2206.49,3531
2026-06-08 23:00:00,2206.49,2206.82,2195.3,2202.45,3008
2026-06-09 00:00:00,2202.45,2213.22,2202.04,2208.05,2610
2026-06-09 01:00:00,2208.05,2208.21,2193.52,2201.47,5829
2026-06-09 02:00:00,2201.47,2208.28,2201.1,2206.88,2412
2026-06-09 03:00:00,2206.88,2217.4,2195.48,2207.57,2555
2026-06-09 04:00:00,2207.57,2211.53,2198.99,2207.29,5689
2026-06-09 05:00:00,2207.29,2211.72,2203.81,2205.59,3250
2026-06-09 06:00:00,2205.59,2211.55,2200.72,2206.88,4671
2026-06-09 07:00:00,2206.88,2216.49,2198.67,2206.79,5653
2026-06-09 08:00:00,2206.79,2219.59,2206.59,2214.84,9926
2026-06-09 09:00:00,2214.84,2219.64,2214.71,2215.69,10841
2026-06-09 10:00:00,2215.69,2219.46,2205.11,2216.8,11136
2026-06-09 11:00:00,2216.8,2221.22,2213.17,2214.17,4083
2026-06-09 12:00:00,2214.17,2214.96,2211.5,2213.77,12960
2026-06-09 13:00:00,2213.77,2216.92,2208.12,2216.03,13464
2026-06-09 14:00:00,2216.03,2216.32,2200.45,2203.61,6857
2026-06-09 15:00:00,2203.61,2203.78,2184.5,2193.87,6870
2026-06-09 16:00:00,2193.87,2209.17,2186.48,2199.26,6963
2026-06-09 17:00:00,2199.26,2202.54,2198.96,2200.51,10337
2026-06-09 18:00:00,2200.51,2200.74,2195.94,2199.2,5996
2026-06-09 19:00:00,2199.2,2202.06,2196.88,2199.28,3095
2026-06-09 20:00:00,2199.28,2201.13,2198.89,2200.41,3489
2026-06-09 21:00:00,2200.41,2200.72,2194.45,2198.73,4286
2026-06-09 22:00:00,2198.73,2199.5,2191.44,2196.29,2028
2026-06-09 23:00:00,2196.29,2197.66,2191.88,2196.94,4104
2026-06-10 00:00:00,2196.94,2197.95,2192.8,2193.87,4695
2026-06-10 01:00:00,2193.87,2201.76,2187.89,2195.19,3907
2026-06-10 02:00:00,2195.19,2195.31,2184.15,2189.84,1563
2026-06-10 03:00:00,2189.84,2194.64,2189.65,2193.12,5460
2026-06-10 04:00:00,2193.12,2196.74,2192.93,2194.64,4312
2026-06-10 05:00:00,2194.64,2197.22,2194.41,2195.47,4321
2026-06-10 06:00:00,2195.47,2199.81,2195.24,2198.61,5527
2026-06-10 07:00:00,2198.61,2209.83,2198.41,2203.91,1601
2026-06-10 08:00:00,2203.91,2212.96,2203.51,2211.3,10665
2026-06-10 09:00:00,2211.3,2211.72,2194.1,2197.96,10555
2026-06-10 10:00:00,2197.96,2198.39,2186.97,2188.74,10106
2026-06-10 11:00:00,2188.74,2199.93,2178.91,2184.26,9660
2026-06-10 12:00:00,2184.26,2186.84,2183.04,2184.46,10197
2026-06-10 13:00:00,2184.46,2191.73,2178.94,2188.21,5896
2026-06-10 14:00:00,2188.21,2188.4,2180.28,2183.0,9649
2026-06-10 15:00:00,2183.0,2191.28,2171.81,2184.36,9301
2026-06-10 16:00:00,2184.36,2188.3,2174.59,2178.95,9222
2026-06-10 17:00:00,2178.95,2179.19,2171.92,2174.59,4175
2026-06-10 18:00:00,2174.59,2174.7,2163.36,2164.56,1904
2026-06-10 19:00:00,2164.56,2165.01,2161.5,2161.71,4373
2026-06-10 20:00:00,2161.71,2162.57,2153.2,2157.53,4768
2026-06-10 21:00:00,2157.53,2159.05,2145.98,2154.53,4194
2026-06-10 22:00:00,2154.53,2162.83,2153.19,2157.83,3582
2026-06-10 23:00:00,2157.83,2158.39,2154.21,2154.9,3967
2026-06-11 00:00:00,2154.9,2165.93,2153.04,2163.12,5972
2026-06-11 01:00:00,2163.12,2165.75,2147.79,2164.68,5815
2026-06-11 02:00:00,2164.68,2166.37,2156.29,2165.28,3421
2026-06-11 03:00:00,2165.28,2165.76,2159.69,2162.63,5459
2026-06-11 04:00:00,2162.63,2166.78,2162.49,2164.84,3040
2026-06-11 05:00:00,2164.84,2167.03,2161.38,2163.07,3889
2026-06-11 06:00:00,2163.07,2166.3,2162.65,2163.48,6348
2026-06-11 07:00:00,2163.48,2180.16,2163.19,2171.5,3963
2026-06-11 08:00:00,2171.5,2176.48,2167.8,2170.83,10709
2026-06-11 09:00:00,2170.83,2182.16,2170.41,2179.07,9867
2026-06-11 10:00:00,2179.07,2179.4,2170.94,2174.05,4793
2026-06-11 11:00:00,2174.05,2176.25,2165.22,2173.82,4943
2026-06-11 12:00:00,2173.82,2189.56,2173.52,2186.55,9576
2026-06-11 13:00:00,2186.55,2193.26,2180.24,2182.05,6206
2026-06-11 14:00:00,2182.05,2195.7,2181.95,2195.13,11545
2026-06-11 15:00:00,2195.13,2205.85,2190.26,2200.27,12430
2026-06-11 16:00:00,2200.27,2203.9,2192.39,2196.21,13835
2026-06-11 17:00:00,2196.21,2205.37,2195.78,2200.81,4472
2026-06-11 18:00:00,2200.81,2210.61,2200.64,2207.88,3318
2026-06-11 19:00:00,2207.88,2210.4,2207.38,2209.89,5700
2026-06-11 20:00:00,2209.89,2212.63,2198.52,2204.92,3841
2026-06-11 21:00:00,2204.92,2205.74,2202.4,2202.64,3922
2026-06-11 22:00:00,2202.64,2203.13,2200.35,2201.88,6045
2026-06-11 23:00:00,2201.88,2202.28,2200.4,2201.67,2968
2026-06-12 00:00:00,2201.67,2208.46,2200.86,2203.67,6407
2026-06-12 01:00:00,2203.67,2208.54,2201.17,2204.26,5985
2026-06-12 02:00:00,2204.26,2204.74,2189.71,2200.05,2735
2026-06-12 03:00:00,2200.05,2202.09,2199.03,2201.28,4214
2026-06-12 04:00:00,2201.28,2205.27,2200.69,2203.25,3208
2026-06-12 05:00:00,2203.25,2209.48,2203.15,2205.05,2645
2026-06-12 06:00:00,2205.05,2210.33,2204.94,2208.51,2975
2026-06-12 07:00:00,2208.51,2223.5,2206.89,2211.19,5423
2026-06-12 08:00:00,2211.19,2219.62,2211.07,2214.56,9726
2026-06-12 09:00:00,2214.56,2216.97,2210.47,2214.06,7381
2026-06-12 10:00:00,2214.06,2214.18,2198.91,2202.01,10392
2026-06-12 11:00:00,2202.01,2208.24,2201.51,2205.14,12020
2026-06-12 12:00:00,2205.14,2208.9,2204.23,2206.67,10733
2026-06-12 13:00:00,2206.67,2210.07,2206.25,2208.66,14163
2026-06-12 14:00:00,2208.66,2209.15,2195.31,2199.41,6828
2026-06-12 15:00:00,2199.41,2199.71,2186.39,2191.61,10513
2026-06-12 16:00:00,2191.61,2206.31,2191.34,2199.24,4512
2026-06-12 17:00:00,2199.24,2199.92,2196.68,2198.97,7708
2026-06-12 18:00:00,2198.97,2207.18,2198.57,2203.93,3336
2026-06-12 19:00:00,2203.93,2212.41,2199.22,2204.05,2624
2026-06-12 20:00:00,2204.05,2215.51,2196.28,2204.17,2882
2026-06-12 21:00:00,2204.17,2214.33,2202.92,2207.17,3270
2026-06-12 22:00:00,2207.17,2209.85,2204.84,2205.56,5363
2026-06-12 23:00:00,2205.56,2214.27,2196.5,2205.89,4900
2026-06-13 00:00:00,2205.89,2206.23,2197.34,2204.45,1534
2026-06-13 01:00:00,2204.45,2204.6,2201.77,2203.1,3704
2026-06-13 02:00:00,2203.1,2205.53,2199.15,2202.15,6499
2026-06-13 03:00:00,2202.15,2206.9,2197.82,2202.88,4844
2026-06-13 04:00:00,2202.88,2203.35,2201.04,2201.39,4514
2026-06-13 05:00:00,2201.39,2206.7,2200.98,2205.4,5991
2026-06-13 06:00:00,2205.4,2209.43,2196.66,2202.59,5802
2026-06-13 07:00:00,2202.59,2203.32,2198.52,2202.02,3280
2026-06-13 08:00:00,2202.02,2202.46,2197.1,2198.85,6881
2026-06-13 09:00:00,2198.85,2210.23,2198.35,2209.37,6223
2026-06-13 10:00:00,2209.37,2219.17,2207.14,2210.81,6729
2026-06-13 11:00:00,2210.81,2229.86,2210.66,2218.35,5068
2026-06-13 12:00:00,2218.35,2218.5,2205.56,2207.55,8819
2026-06-13 13:00:00,2207.55,2216.33,2207.17,2209.51,12863
2026-06-13 14:00:00,2209.51,2218.26,2209.33,2216.01,6138
2026-06-13 15:00:00,2216.01,2227.92,2215.1,2216.62,12768
2026-06-13 16:00:00,2216.62,2230.57,2216.29,2224.43,8989
2026-06-13 17:00:00,2224.43,2224.91,2219.18,2220.66,14146
2026-06-13 18:00:00,2220.66,2237.07,2220.49,2231.01,4050
2026-06-13 19:00:00,2231.01,2241.16,2227.95,2238.43,2455
2026-06-13 20:00:00,2238.43,2242.48,2235.56,2237.29,6109
2026-06-13 21:00:00,2237.29,2237.61,2235.23,2235.88,2079
2026-06-13 22:00:00,2235.88,2248.28,2230.66,2240.59,3437
2026-06-13 23:00:00,2240.59,2251.66,2240.16,2245.72,3497
2026-06-14 00:00:00,2245.72,2247.53,2238.34,2244.06,3165
2026-06-14 01:00:00,2244.06,2245.78,2239.78,2242.73,3630
2026-06-14 02:00:00,2242.73,2248.51,2239.17,2241.85,5240
2026-06-14 03:00:00,2241.85,2257.06,2230.17,2237.54,4000
2026-06-14 04:00:00,2237.54,2237.99,2229.52,2234.61,3142
2026-06-14 05:00:00,2234.61,2242.5,2219.55,2231.41,6212
2026-06-14 06:00:00,2231.41,2231.69,2222.78,2228.97,2997
2026-06-14 07:00:00,2228.97,2231.01,2214.04,2228.88,6102
2026-06-14 08:00:00,2228.88,2233.24,2227.57,2230.62,10348
2026-06-14 09:00:00,2230.62,2246.21,2230.39,2242.05,4666
2026-06-14 10:00:00,2242.05,2243.25,2230.71,2234.71,10216
2026-06-14 11:00:00,2234.71,2251.26,2234.55,2241.98,7592
2026-06-14 12:00:00,2241.98,2253.84,2238.24,2240.42,6509
2026-06-14 13:00:00,2240.42,2243.77,2236.24,2240.07,3942
2026-06-14 14:00:00,2240.07,2255.32,2234.05,2245.07,4738
2026-06-14 15:00:00,2245.07,2245.55,2229.85,2236.81,9864
2026-06-14 16:00:00,2236.81,2240.64,2228.33,2239.64,11754
2026-06-14 17:00:00,2239.64,2241.55,2239.27,2240.89,9468
2026-06-14 18:00:00,2240.89,2249.45,2237.96,2244.54,4214
2026-06-14 19:00:00,2244.54,2248.95,2240.56,2245.5,3121
2026-06-14 20:00:00,2245.5,2254.26,2245.25,2253.49,5514
2026-06-14 21:00:00,2253.49,2254.9,2243.54,2251.44,4753
2026-06-14 22:00:00,2251.44,2256.57,2246.65,2249.75,4346
2026-06-14 23:00:00,2249.75,2254.5,2243.3,2247.76,6380
2026-06-15 00:00:00,2247.76,2253.39,2240.41,2245.99,6362
2026-06-15 01:00:00,2245.99,2246.26,2239.75,2243.96,5005
2026-06-15 02:00:00,2243.96,2256.62,2243.81,2247.83,2018
2026-06-15 03:00:00,2247.83,2254.16,2247.47,2252.46,4185
2026-06-15 04:00:00,2252.46,2255.64,2248.78,2250.64,1527
2026-06-15 05:00:00,2250.64,2255.81,2246.02,2247.97,1765
2026-06-15 06:00:00,2247.97,2250.1,2247.59,2249.52,2806
2026-06-15 07:00:00,2249.52,2249.76,2242.01,2247.76,5553
2026-06-15 08:00:00,2247.76,2262.07,2244.73,2252.47,10898
2026-06-15 09:00:00,2252.47,2257.92,2243.42,2253.99,5082
2026-06-15 10:00:00,2253.99,2254.32,2241.27,2242.79,13587
2026-06-15 11:00:00,2242.79,2263.4,2242.66,2254.26,10758
2026-06-15 12:00:00,2254.26,2268.97,2254.08,2267.64,4642
2026-06-15 13:00:00,2267.64,2269.22,2250.36,2263.09,12733
2026-06-15 14:00:00,2263.09,2264.39,2259.85,2260.22,8302
2026-06-15 15:00:00,2260.22,2264.44,2259.79,2262.37,13301
2026-06-15 16:00:00,2262.37,2266.74,2261.56,2264.88,3744
2026-06-15 17:00:00,2264.88,2271.42,2264.52,2269.81,4182
2026-06-15 18:00:00,2269.81,2301.01,2269.45,2284.9,3527
2026-06-15 19:00:00,2284.9,2285.43,2280.42,2284.34,5350
2026-06-15 20:00:00,2284.34,2286.71,2275.49,2281.75,2389
2026-06-15 21:00:00,2281.75,2282.2,2273.04,2277.25,1678
2026-06-15 22:00:00,2277.25,2277.57,2270.47,2274.88,3479
2026-06-15 23:00:00,2274.88,2281.09,2267.84,2274.8,4010
2026-06-16 00:00:00,2274.8,2283.21,2273.04,2280.71,4382
2026-06-16 01:00:00,2280.71,2280.87,2274.07,2279.04,5484
2026-06-16 02:00:00,2279.04,2283.62,2278.58,2279.8,3544
2026-06-16 03:00:00,2279.8,2285.07,2279.37,2279.78,4483
2026-06-16 04:00:00,2279.78,2291.15,2275.11,2283.71,1850
2026-06-16 05:00:00,2283.71,2294.96,2283.36,2292.06,5782
2026-06-16 06:00:00,2292.06,2294.19,2284.89,2290.34,4918
2026-06-16 07:00:00,2290.34,2291.58,2286.89,2288.75,5330
2026-06-16 08:00:00,2288.75,2298.99,2288.35,2296.65,7627
2026-06-16 09:00:00,2296.65,2306.25,2296.25,2301.83,12988
2026-06-16 10:00:00,2301.83,2321.58,2301.34,2315.89,8192
2026-06-16 11:00:00,2315.89,2325.4,2313.79,2320.36,13248
2026-06-16 12:00:00,2320.36,2320.83,2309.94,2317.64,9431
2026-06-16 13:00:00,2317.64,2334.14,2317.4,2322.16,13477
2026-06-16 14:00:00,2322.16,2332.47,2322.02,2330.67,12854
2026-06-16 15:00:00,2330.67,2339.37,2330.4,2336.99,12784
2026-06-16 16:00:00,2336.99,2352.0,2336.64,2340.92,13877
2026-06-16 17:00:00,2340.92,2359.77,2340.53,2349.17,4261
2026-06-16 18:00:00,2349.17,2365.92,2348.75,2358.25,3858
2026-06-16 19:00:00,2358.25,2368.8,2347.89,2362.98,5354
2026-06-16 20:00:00,2362.98,2366.5,2362.67,2365.21,1882
2026-06-16 21:00:00,2365.21,2376.37,2348.45,2364.67,5716
2026-06-16 22:00:00,2364.67,2368.33,2359.0,2365.2,1906
2026-06-16 23:00:00,2365.2,2369.92,2364.77,2369.34,5840
2026-06-17 00:00:00,2369.34,2369.5,2361.65,2366.59,1565
2026-06-17 01:00:00,2366.59,2371.8,2362.16,2367.87,4489
2026-06-17 02:00:00,2367.87,2368.26,2362.99,2366.56,1727
2026-06-17 03:00:00,2366.56,2367.19,2365.01,2366.69,6477
2026-06-17 04:00:00,2366.69,2378.16,2357.15,2371.08,3684
2026-06-17 05:00:00,2371.08,2375.48,2365.1,2371.76,3741
2026-06-17 06:00:00,2371.76,2375.74,2368.63,2371.95,6301
2026-06-17 07:00:00,2371.95,2372.26,2357.78,2367.33,6253
2026-06-17 08:00:00,2367.33,2377.04,2366.6,2373.18,6626
2026-06-17 09:00:00,2373.18,2379.09,2373.02,2378.24,5343
2026-06-17 10:00:00,2378.24,2399.75,2377.98,2395.26,12179
2026-06-17 11:00:00,2395.26,2395.77,2388.17,2392.85,9026
2026-06-17 12:00:00,2392.85,2395.18,2383.9,2394.6,5896
2026-06-17 13:00:00,2394.6,2400.91,2394.46,2396.58,5585
2026-06-17 14:00:00,2396.58,2410.29,2396.19,2409.08,5722
2026-06-17 15:00:00,2409.08,2418.78,2404.04,2408.34,7917
2026-06-17 16:00:00,2408.34,2411.33,2408.0,2410.57,4428
2026-06-17 17:00:00,2410.57,2416.5,2405.89,2415.42,13945
2026-06-17 18:00:00,2415.42,2418.24,2415.09,2416.92,4632
2026-06-17 19:00:00,2416.92,2418.3,2412.85,2415.4,3332
2026-06-17 20:00:00,2415.4,2420.07,2413.15,2416.1,6138
2026-06-17 21:00:00,2416.1,2423.29,2415.75,2419.87,3957
2026-06-17 22:00:00,2419.87,2420.29,2406.72,2416.33,3702
2026-06-17 23:00:00,2416.33,2419.52,2415.47,2416.82,4180
2026-06-18 00:00:00,2416.82,2420.13,2410.95,2414.41,3598
2026-06-18 01:00:00,2414.41,2429.71,2414.0,2418.6,4666
2026-06-18 02:00:00,2418.6,2419.02,2406.9,2413.33,3427
2026-06-18 03:00:00,2413.33,2413.5,2408.76,2411.42,5950
2026-06-18 04:00:00,2411.42,2417.86,2411.07,2412.76,4616
2026-06-18 05:00:00,2412.76,2419.78,2412.65,2418.23,4387
2026-06-18 06:00:00,2418.23,2421.23,2415.09,2418.03,5843
2026-06-18 07:00:00,2418.03,2426.11,2400.02,2416.13,6128
2026-06-18 08:00:00,2416.13,2434.79,2415.9,2431.16,11066
2026-06-18 09:00:00,2431.16,2431.35,2416.77,2419.62,5035
2026-06-18 10:00:00,2419.62,2419.92,2397.93,2402.18,6160
2026-06-18 11:00:00,2402.18,2407.51,2401.83,2405.69,7583
2026-06-18 12:00:00,2405.69,2405.94,2396.55,2401.73,8232
2026-06-18 13:00:00,2401.73,2402.09,2390.78,2393.69,5706
2026-06-18 14:00:00,2393.69,2409.18,2393.45,2399.3,6287
2026-06-18 15:00:00,2399.3,2404.43,2399.03,2401.24,11343
2026-06-18 16:00:00,2401.24,2401.59,2391.72,2396.81,3975
2026-06-18 17:00:00,2396.81,2403.06,2378.27,2386.74,6490
2026-06-18 18:00:00,2386.74,2397.51,2386.44,2393.63,3623
2026-06-18 19:00:00,2393.63,2398.37,2393.24,2395.9,6382
2026-06-18 20:00:00,2395.9,2398.81,2393.93,2395.59,4342
2026-06-18 21:00:00,2395.59,2402.63,2395.12,2401.99,3164
2026-06-18 22:00:00,2401.99,2402.48,2393.01,2398.33,5448
2026-06-18 23:00:00,2398.33,2398.79,2379.06,2393.09,2894
2026-06-19 00:00:00,2393.09,2396.29,2386.41,2390.74,5572
2026-06-19 01:00:00,2390.74,2397.25,2384.69,2390.61,5134
2026-06-19 02:00:00,2390.61,2395.56,2390.25,2391.48,1714
2026-06-19 03:00:00,2391.48,2397.06,2389.5,2390.67,4572
2026-06-19 04:00:00,2390.67,2397.68,2379.84,2391.92,5554
2026-06-19 05:00:00,2391.92,2405.44,2385.25,2387.64,5972
2026-06-19 06:00:00,2387.64,2394.25,2387.38,2392.64,3959
2026-06-19 07:00:00,2392.64,2399.23,2388.72,2392.38,5206
2026-06-19 08:00:00,2392.38,2402.17,2391.98,2401.22,10496
2026-06-19 09:00:00,2401.22,2414.48,2399.89,2403.95,5953
2026-06-19 10:00:00,2403.95,2407.87,2403.84,2407.58,4199
2026-06-19 11:00:00,2407.58,2415.69,2407.43,2412.12,10931
2026-06-19 12:00:00,2412.12,2424.94,2404.04,2415.7,3773
2026-06-19 13:00:00,2415.7,2422.87,2414.67,2420.83,13963
2026-06-19 14:00:00,2420.83,2439.83,2420.34,2431.47,4065
2026-06-19 15:00:00,2431.47,2437.56,2425.97,2433.06,11332
2026-06-19 16:00:00,2433.06,2443.75,2430.09,2438.76,9631
2026-06-19 17:00:00,2438.76,2442.53,2437.17,2438.06,11363
2026-06-19 18:00:00,2438.06,2450.86,2437.81,2449.67,6249
2026-06-19 19:00:00,2449.67,2453.43,2440.62,2447.31,4569
2026-06-19 20:00:00,2447.31,2457.45,2447.11,2453.7,5494
2026-06-19 21:00:00,2453.7,2456.04,2450.63,2453.58,4612
2026-06-19 22:00:00,2453.58,2453.92,2444.77,2448.56,1502
2026-06-19 23:00:00,2448.56,2450.17,2444.98,2449.05,2617
2026-06-20 00:00:00,2449.05,2449.18,2445.65,2446.67,2582
2026-06-20 01:00:00,2446.67,2455.02,2438.92,2449.67,6002
2026-06-20 02:00:00,2449.67,2449.98,2446.4,2447.4,3017
2026-06-20 03:00:00,2447.4,2447.53,2445.37,2445.85,6346
2026-06-20 04:00:00,2445.85,2446.16,2438.85,2439.24,3395
2026-06-20 05:00:00,2439.24,2441.7,2433.89,2437.68,5079
2026-06-20 06:00:00,2437.68,2437.79,2428.62,2429.21,4133
2026-06-20 07:00:00,2429.21,2429.45,2418.63,2423.71,6483
2026-06-20 08:00:00,2423.71,2430.96,2423.48,2429.8,8533
2026-06-20 09:00:00,2429.8,2436.59,2429.63,2436.11,5526
2026-06-20 10:00:00,2436.11,2440.19,2435.82,2439.55,12680
2026-06-20 11:00:00,2439.55,2439.83,2429.76,2431.81,9510
2026-06-20 12:00:00,2431.81,2441.44,2425.16,2431.45,5165
2026-06-20 13:00:00,2431.45,2441.05,2426.19,2431.44,7048
2026-06-20 14:00:00,2431.44,2431.71,2420.13,2422.21,12304
2026-06-20 15:00:00,2422.21,2447.05,2421.75,2434.24,3751
2026-06-20 16:00:00,2434.24,2444.71,2434.06,2441.3,7462
2026-06-20 17:00:00,2441.3,2451.02,2430.77,2439.55,4444
2026-06-20 18:00:00,2439.55,2442.07,2438.95,2439.78,5076
2026-06-20 19:00:00,2439.78,2449.77,2430.93,2440.54,3851
2026-06-20 20:00:00,2440.54,2440.87,2431.1,2433.41,3634
2026-06-20 21:00:00,2433.41,2442.46,2429.33,2432.57,6338
2026-06-20 22:00:00,2432.57,2435.9,2427.41,2430.21,3975
2026-06-20 23:00:00,2430.21,2441.33,2423.7,2426.74,6045
2026-06-21 00:00:00,2426.74,2430.73,2424.42,2425.79,2285
2026-06-21 01:00:00,2425.79,2438.06,2422.77,2432.1,5597
2026-06-21 02:00:00,2432.1,2438.17,2429.53,2434.38,4290
2026-06-21 03:00:00,2434.38,2434.66,2431.98,2432.41,3657
2026-06-21 04:00:00,2432.41,2440.1,2432.02,2434.44,2178
2026-06-21 05:00:00,2434.44,2444.81,2434.24,2439.38,5028
2026-06-21 06:00:00,2439.38,2456.21,2431.11,2442.66,5059
2026-06-21 07:00:00,2442.66,2444.7,2440.66,2442.9,1870
2026-06-21 08:00:00,2442.9,2444.8,2433.58,2437.73,9761
2026-06-21 09:00:00,2437.73,2450.41,2435.08,2443.35,4886
2026-06-21 10:00:00,2443.35,2448.39,2442.98,2446.54,12980
2026-06-21 11:00:00,2446.54,2455.92,2441.67,2453.78,5330
2026-06-21 12:00:00,2453.78,2460.02,2453.34,2458.93,5137
2026-06-21 13:00:00,2458.93,2476.58,2458.67,2467.46,8784
2026-06-21 14:00:00,2467.46,2467.9,2462.13,2463.14,9853
2026-06-21 15:00:00,2463.14,2474.94,2462.73,2473.86,8415
2026-06-21 16:00:00,2473.86,2483.57,2467.57,2475.49,11932
2026-06-21 17:00:00,2475.49,2495.83,2474.91,2492.48,8632
2026-06-21 18:00:00,2492.48,2492.68,2476.54,2486.85,6021
2026-06-21 19:00:00,2486.85,2500.12,2486.42,2493.11,4626
2026-06-21 20:00:00,2493.11,2494.6,2492.21,2493.85,3876
2026-06-21 21:00:00,2493.85,2499.41,2491.41,2491.54,1953
2026-06-21 22:00:00,2491.54,2496.25,2485.12,2489.84,4959
2026-06-21 23:00:00,2489.84,2491.32,2483.13,2488.72,6359
2026-06-22 00:00:00,2488.72,2491.12,2485.08,2490.27,5001
2026-06-22 01:00:00,2490.27,2494.56,2488.35,2492.17,5047
2026-06-22 02:00:00,2492.17,2498.03,2487.82,2490.15,2648
2026-06-22 03:00:00,2490.15,2490.31,2487.09,2490.09,2022
2026-06-22 04:00:00,2490.09,2507.78,2485.6,2497.81,6077
2026-06-22 05:00:00,2497.81,2507.31,2497.4,2504.07,1621
2026-06-22 06:00:00,2504.07,2509.15,2501.8,2505.67,5118
2026-06-22 07:00:00,2505.67,2517.08,2504.8,2505.84,6176
2026-06-22 08:00:00,2505.84,2507.36,2495.19,2506.85,11488
2026-06-22 09:00:00,2506.85,2523.81,2506.63,2511.94,10082
2026-06-22 10:00:00,2511.94,2512.05,2503.14,2503.51,8078
2026-06-22 11:00:00,2503.51,2504.81,2500.6,2501.41,9253
2026-06-22 12:00:00,2501.41,2501.55,2483.32,2487.73,13888
2026-06-22 13:00:00,2487.73,2491.61,2487.58,2491.02,10575
2026-06-22 14:00:00,2491.02,2502.81,2490.57,2496.35,11312
2026-06-22 15:00:00,2496.35,2497.09,2489.32,2492.41,9497
2026-06-22 16:00:00,2492.41,2509.67,2492.13,2505.37,13202
2026-06-22 17:00:00,2505.37,2505.57,2492.05,2495.3,6564
2026-06-22 18:00:00,2495.3,2495.64,2479.77,2483.32,1776
2026-06-22 19:00:00,2483.32,2487.42,2470.67,2484.16,2748
2026-06-22 20:00:00,2484.16,2490.75,2483.88,2487.94,2624
2026-06-22 21:00:00,2487.94,2495.8,2487.64,2494.01,4401
2026-06-22 22:00:00,2494.01,2497.66,2485.56,2492.39,3157
2026-06-22 23:00:00,2492.39,2496.99,2489.9,2496.29,3253
2026-06-23 00:00:00,2496.29,2499.15,2492.45,2496.19,6102
2026-06-23 01:00:00,2496.19,2497.25,2493.87,2495.6,5158
2026-06-23 02:00:00,2495.6,2500.56,2488.63,2498.81,4902
2026-06-23 03:00:00,2498.81,2502.9,2498.45,2501.18,5832
2026-06-23 04:00:00,2501.18,2501.46,2487.35,2495.54,2251
2026-06-23 05:00:00,2495.54,2509.84,2495.06,2500.89,1664
2026-06-23 06:00:00,2500.89,2508.73,2500.53,2505.89,3192
2026-06-23 07:00:00,2505.89,2506.12,2497.81,2503.67,3456
2026-06-23 08:00:00,2503.67,2511.59,2500.83,2506.95,11792
2026-06-23 09:00:00,2506.95,2516.18,2504.35,2511.05,9405
2026-06-23 10:00:00,2511.05,2518.63,2510.62,2513.22,10535
2026-06-23 11:00:00,2513.22,2513.34,2507.51,2508.7,7189
2026-06-23 12:00:00,2508.7,2509.1,2500.8,2503.17,8630
2026-06-23 13:00:00,2503.17,2512.5,2500.32,2502.98,13257
2026-06-23 14:00:00,2502.98,2518.48,2502.86,2512.68,11431
2026-06-23 15:00:00,2512.68,2527.41,2512.55,2517.2,5020
2026-06-23 16:00:00,2517.2,2517.37,2513.56,2514.16,11611
2026-06-23 17:00:00,2514.16,2523.28,2513.67,2520.57,5398
2026-06-23 18:00:00,2520.57,2521.05,2496.73,2497.06,3492
2026-06-23 19:00:00,2497.06,2506.86,2494.58,2501.23,3159
2026-06-23 20:00:00,2501.23,2502.5,2491.76,2495.0,1640
2026-06-23 21:00:00,2495.0,2498.46,2486.56,2493.73,2219
2026-06-23 22:00:00,2493.73,2494.13,2476.87,2489.74,3150
2026-06-23 23:00:00,2489.74,2490.34,2478.16,2485.13,5073
2026-06-24 00:00:00,2485.13,2502.38,2484.79,2489.32,4974
2026-06-24 01:00:00,2489.32,2493.08,2486.52,2487.68,2515
2026-06-24 02:00:00,2487.68,2494.15,2486.41,2488.95,5883
2026-06-24 03:00:00,2488.95,2489.81,2482.29,2488.81,1842
2026-06-24 04:00:00,2488.81,2492.12,2483.87,2490.55,4683
2026-06-24 05:00:00,2490.55,2499.99,2489.67,2490.86,4201
2026-06-24 06:00:00,2490.86,2490.98,2485.31,2486.29,2475
2026-06-24 07:00:00,2486.29,2493.72,2483.93,2489.89,4083
2026-06-24 08:00:00,2489.89,2490.26,2484.95,2485.87,10164
2026-06-24 09:00:00,2485.87,2487.81,2459.43,2473.18,7310
2026-06-24 10:00:00,2473.18,2473.35,2468.57,2469.72,13037
2026-06-24 11:00:00,2469.72,2489.54,2469.47,2481.97,13112
2026-06-24 12:00:00,2481.97,2495.93,2481.55,2488.94,3322
2026-06-24 13:00:00,2488.94,2489.3,2480.66,2486.11,13428
2026-06-24 14:00:00,2486.11,2486.47,2477.64,2483.27,9079
2026-06-24 15:00:00,2483.27,2486.93,2473.94,2480.66,6529
2026-06-24 16:00:00,2480.66,2500.19,2480.25,2497.7,5748
2026-06-24 17:00:00,2497.7,2516.39,2497.31,2500.86,4666
2026-06-24 18:00:00,2500.86,2505.69,2500.37,2504.42,2400
2026-06-24 19:00:00,2504.42,2510.22,2504.1,2508.17,5247
2026-06-24 20:00:00,2508.17,2513.76,2506.7,2509.06,5564
2026-06-24 21:00:00,2509.06,2511.48,2506.06,2508.16,2971
2026-06-24 22:00:00,2508.16,2511.64,2505.71,2507.48,4603
2026-06-24 23:00:00,2507.48,2513.5,2504.01,2507.25,1826
2026-06-25 00:00:00,2507.25,2512.43,2503.3,2507.15,1573
2026-06-25 01:00:00,2507.15,2513.54,2506.92,2509.81,1750
2026-06-25 02:00:00,2509.81,2513.57,2509.33,2510.03,3997
2026-06-25 03:00:00,2510.03,2516.1,2507.7,2512.71,3902
2026-06-25 04:00:00,2512.71,2513.1,2511.36,2512.45,6128
2026-06-25 05:00:00,2512.45,2516.19,2509.29,2512.76,1795
2026-06-25 06:00:00,2512.76,2513.06,2505.07,2505.57,1797
2026-06-25 07:00:00,2505.57,2510.17,2505.36,2508.91,1801
2026-06-25 08:00:00,2508.91,2513.92,2508.57,2511.79,13435
2026-06-25 09:00:00,2511.79,2525.76,2511.65,2520.08,4584
2026-06-25 10:00:00,2520.08,2520.34,2485.54,2496.19,11272
2026-06-25 11:00:00,2496.19,2516.85,2496.05,2513.42,6894
2026-06-25 12:00:00,2513.42,2516.67,2495.91,2512.29,3414
2026-06-25 13:00:00,2512.29,2523.88,2512.07,2521.49,8307
2026-06-25 14:00:00,2521.49,2521.93,2511.92,2512.89,9211
2026-06-25 15:00:00,2512.89,2518.51,2512.4,2517.99,9556
2026-06-25 16:00:00,2517.99,2518.47,2496.35,2509.29,14049
2026-06-25 17:00:00,2509.29,2509.45,2492.83,2504.16,13398
2026-06-25 18:00:00,2504.16,2534.14,2504.05,2520.01,6448
2026-06-25 19:00:00,2520.01,2526.47,2510.9,2519.35,4218
2026-06-25 20:00:00,2519.35,2522.81,2519.04,2520.17,5435
2026-06-25 21:00:00,2520.17,2532.3,2520.07,2523.36,2162
2026-06-25 22:00:00,2523.36,2529.56,2517.77,2525.19,1507
2026-06-25 23:00:00,2525.19,2527.36,2525.02,2525.77,5183
2026-06-26 00:00:00,2525.77,2529.74,2519.12,2527.13,4587
2026-06-26 01:00:00,2527.13,2539.36,2526.96,2535.92,6261
2026-06-26 02:00:00,2535.92,2553.47,2531.55,2535.74,2168
2026-06-26 03:00:00,2535.74,2543.29,2526.1,2536.51,4664
2026-06-26 04:00:00,2536.51,2542.82,2536.28,2540.38,2785
2026-06-26 05:00:00,2540.38,2550.69,2531.9,2544.46,5120
2026-06-26 06:00:00,2544.46,2556.35,2544.19,2548.84,1660
2026-06-26 07:00:00,2548.84,2552.52,2548.61,2551.22,3898
2026-06-26 08:00:00,2551.22,2551.33,2534.83,2541.66,10439
2026-06-26 09:00:00,2541.66,2557.46,2541.31,2555.38,3337
2026-06-26 10:00:00,2555.38,2555.53,2543.37,2545.78,8872
2026-06-26 11:00:00,2545.78,2549.45,2545.58,2548.33,13081
2026-06-26 12:00:00,2548.33,2548.55,2541.47,2542.03,8965
2026-06-26 13:00:00,2542.03,2546.35,2539.18,2541.52,14227
2026-06-26 14:00:00,2541.52,2550.42,2540.66,2544.29,8397
2026-06-26 15:00:00,2544.29,2552.93,2541.85,2547.0,9719
2026-06-26 16:00:00,2547.0,2553.14,2543.34,2550.56,5616
2026-06-26 17:00:00,2550.56,2569.34,2550.27,2564.17,3993
2026-06-26 18:00:00,2564.17,2578.32,2561.77,2568.02,6332
2026-06-26 19:00:00,2568.02,2568.46,2566.61,2567.15,3711
2026-06-26 20:00:00,2567.15,2573.58,2557.98,2570.74,1819
2026-06-26 21:00:00,2570.74,2585.15,2570.61,2575.18,6027
2026-06-26 22:00:00,2575.18,2576.9,2563.87,2570.67,4215
2026-06-26 23:00:00,2570.67,2575.6,2570.37,2572.91,2133
2026-06-27 00:00:00,2572.91,2586.95,2567.07,2575.54,3205
2026-06-27 01:00:00,2575.54,2580.0,2564.92,2574.47,6320
2026-06-27 02:00:00,2574.47,2582.07,2571.51,2579.61,2172
2026-06-27 03:00:00,2579.61,2590.25,2577.84,2579.08,3779
2026-06-27 04:00:00,2579.08,2583.04,2574.5,2579.58,5047
2026-06-27 05:00:00,2579.58,2588.2,2575.74,2578.97,1970
2026-06-27 06:00:00,2578.97,2590.47,2572.21,2579.06,4731
2026-06-27 07:00:00,2579.06,2587.85,2555.43,2575.02,4107
2026-06-27 08:00:00,2575.02,2575.13,2557.55,2562.86,10630
2026-06-27 09:00:00,2562.86,2579.0,2562.55,2576.37,9064
2026-06-27 10:00:00,2576.37,2576.7,2567.81,2569.21,13633
2026-06-27 11:00:00,2569.21,2569.42,2559.08,2560.86,6340
2026-06-27 12:00:00,2560.86,2561.31,2535.05,2542.8,12925
2026-06-27 13:00:00,2542.8,2550.11,2523.69,2537.47,5907
2026-06-27 14:00:00,2537.47,2537.91,2520.46,2526.46,7502
2026-06-27 15:00:00,2526.46,2558.25,2526.0,2540.18,5313
2026-06-27 16:00:00,2540.18,2550.34,2539.71,2548.66,6857
2026-06-27 17:00:00,2548.66,2548.84,2535.08,2542.91,7002
2026-06-27 18:00:00,2542.91,2562.74,2542.76,2561.85,3925
2026-06-27 19:00:00,2561.85,2567.35,2561.64,2565.51,1925
2026-06-27 20:00:00,2565.51,2568.34,2554.36,2564.34,3287
2026-06-27 21:00:00,2564.34,2564.52,2548.1,2555.16,4084
2026-06-27 22:00:00,2555.16,2565.61,2554.8,2563.63,6148
2026-06-27 23:00:00,2563.63,2563.9,2553.39,2558.54,1668
2026-06-28 00:00:00,2558.54,2558.85,2548.36,2552.51,2014
2026-06-28 01:00:00,2552.51,2556.57,2552.05,2556.31,4935
2026-06-28 02:00:00,2556.31,2572.49,2556.0,2565.34,6025
2026-06-28 03:00:00,2565.34,2573.99,2565.15,2570.49,4116
2026-06-28 04:00:00,2570.49,2575.51,2565.47,2572.61,3877
2026-06-28 05:00:00,2572.61,2588.12,2561.77,2574.84,2190
2026-06-28 06:00:00,2574.84,2585.97,2574.02,2578.04,4704
2026-06-28 07:00:00,2578.04,2586.15,2574.64,2580.89,4004
2026-06-28 08:00:00,2580.89,2587.08,2580.64,2583.3,4074
2026-06-28 09:00:00,2583.3,2589.77,2579.38,2584.21,5757
2026-06-28 10:00:00,2584.21,2586.32,2580.03,2583.7,6391
2026-06-28 11:00:00,2583.7,2583.95,2572.0,2577.31,11965
2026-06-28 12:00:00,2577.31,2577.72,2573.87,2574.95,12482
2026-06-28 13:00:00,2574.95,2575.25,2559.4,2560.66,4789
2026-06-28 14:00:00,2560.66,2583.67,2554.45,2559.85,4510
2026-06-28 15:00:00,2559.85,2560.3,2547.86,2551.56,5101
2026-06-28 16:00:00,2551.56,2551.89,2538.36,2542.32,3768
2026-06-28 17:00:00,2542.32,2544.99,2532.37,2543.85,6965
2026-06-28 18:00:00,2543.85,2558.03,2543.69,2555.55,6264
2026-06-28 19:00:00,2555.55,2564.71,2555.38,2558.97,2393
2026-06-28 20:00:00,2558.97,2559.22,2547.38,2553.22,5754
2026-06-28 21:00:00,2553.22,2553.53,2545.23,2549.61,5576
2026-06-28 22:00:00,2549.61,2557.73,2537.85,2553.1,5405
2026-06-28 23:00:00,2553.1,2553.55,2546.34,2549.52,4286
2026-06-29 00:00:00,2549.52,2559.14,2547.61,2548.73,3748
2026-06-29 01:00:00,2548.73,2553.63,2547.2,2550.78,1521
2026-06-29 02:00:00,2550.78,2551.16,2545.81,2547.25,4813
2026-06-29 03:00:00,2547.25,2550.01,2544.55,2547.67,2761
2026-06-29 04:00:00,2547.67,2548.0,2536.73,2542.81,2672
2026-06-29 05:00:00,2542.81,2543.04,2528.38,2540.64,6380
2026-06-29 06:00:00,2540.64,2545.82,2538.99,2541.84,3554
2026-06-29 07:00:00,2541.84,2542.02,2533.09,2536.05,3392
2026-06-29 08:00:00,2536.05,2550.75,2535.9,2539.75,9493
2026-06-29 09:00:00,2539.75,2541.83,2537.46,2539.6,13582
2026-06-29 10:00:00,2539.6,2551.38,2539.49,2544.25,13384
2026-06-29 11:00:00,2544.25,2547.36,2542.65,2546.14,7231
2026-06-29 12:00:00,2546.14,2569.76,2546.03,2557.62,7678
2026-06-29 13:00:00,2557.62,2559.13,2556.04,2558.7,12797
2026-06-29 14:00:00,2558.7,2561.23,2554.11,2555.1,8712
2026-06-29 15:00:00,2555.1,2561.09,2552.7,2556.15,9088
2026-06-29 16:00:00,2556.15,2562.32,2555.71,2560.75,8289
2026-06-29 17:00:00,2560.75,2563.39,2543.51,2561.18,8087
2026-06-29 18:00:00,2561.18,2566.77,2559.72,2561.54,2376
2026-06-29 19:00:00,2561.54,2561.89,2556.61,2558.98,4992
2026-06-29 20:00:00,2558.98,2561.77,2554.18,2556.57,5758
2026-06-29 21:00:00,2556.57,2566.8,2547.74,2551.44,2454
2026-06-29 22:00:00,2551.44,2561.18,2541.39,2557.91,5619
2026-06-29 23:00:00,2557.91,2558.29,2550.21,2553.37,5788
2026-06-30 00:00:00,2553.37,2555.63,2547.14,2550.85,2377
2026-06-30 01:00:00,2550.85,2551.23,2541.85,2548.24,5985
2026-06-30 02:00:00,2548.24,2554.83,2548.03,2551.56,4044
2026-06-30 03:00:00,2551.56,2551.95,2545.3,2550.51,3676
2026-06-30 04:00:00,2550.51,2566.33,2550.24,2555.13,4100
2026-06-30 05:00:00,2555.13,2555.38,2540.56,2552.68,4607
2026-06-30 06:00:00,2552.68,2555.83,2543.92,2553.74,5028
2026-06-30 07:00:00,2553.74,2553.92,2542.17,2550.7,3908
2026-06-30 08:00:00,2550.7,2582.57,2550.24,2568.79,13992
2026-06-30 09:00:00,2568.79,2570.31,2550.12,2558.79,7640
2026-06-30 10:00:00,2558.79,2562.61,2547.66,2561.42,11985
2026-06-30 11:00:00,2561.42,2575.45,2561.15,2566.79,6023
2026-06-30 12:00:00,2566.79,2571.6,2566.59,2570.31,8434
2026-06-30 13:00:00,2570.31,2571.62,2562.35,2568.76,4987
2026-06-30 14:00:00,2568.76,2570.03,2561.58,2567.69,8615
2026-06-30 15:00:00,2567.69,2569.11,2564.87,2568.08,14286
2026-06-30 16:00:00,2568.08,2572.65,2565.12,2566.85,11099
2026-06-30 17:00:00,2566.85,2584.06,2566.66,2575.03,8379
2026-06-30 18:00:00,2575.03,2598.09,2574.72,2593.86,6383
2026-06-30 19:00:00,2593.86,2603.84,2590.71,2591.81,5706
2026-06-30 20:00:00,2591.81,2592.19,2584.71,2586.73,5736
2026-06-30 21:00:00,2586.73,2589.1,2581.28,2586.43,2244
2026-06-30 22:00:00,2586.43,2600.58,2585.99,2596.09,4082
2026-06-30 23:00:00,2596.09,2609.01,2587.9,2593.12,5674
2026-07-01 00:00:00,2593.12,2612.32,2592.88,2599.28,3017
2026-07-01 01:00:00,2599.28,2617.08,2586.18,2605.6,4056
2026-07-01 02:00:00,2605.6,2605.85,2593.83,2603.56,5661
2026-07-01 03:00:00,2603.56,2612.08,2603.44,2605.72,5483
2026-07-01 04:00:00,2605.72,2613.98,2605.36,2611.87,2894
2026-07-01 05:00:00,2611.87,2612.35,2604.33,2610.48,1786
2026-07-01 06:00:00,2610.48,2621.22,2599.27,2609.74,4747
2026-07-01 07:00:00,2609.74,2613.16,2589.05,2607.59,5718
2026-07-01 08:00:00,2607.59,2608.07,2595.98,2598.92,9024
2026-07-01 09:00:00,2598.92,2599.28,2584.63,2593.39,3306
2026-07-01 10:00:00,2593.39,2593.78,2580.22,2582.98,4204
2026-07-01 11:00:00,2582.98,2587.61,2582.06,2583.29,12859
2026-07-01 12:00:00,2583.29,2583.46,2574.12,2576.77,11499
2026-07-01 13:00:00,2576.77,2588.43,2574.48,2578.77,7517
2026-07-01 14:00:00,2578.77,2579.12,2558.36,2565.62,6283
2026-07-01 15:00:00,2565.62,2570.99,2565.5,2568.44,3645
2026-07-01 16:00:00,2568.44,2575.69,2568.15,2575.51,6820
2026-07-01 17:00:00,2575.51,2575.71,2551.61,2558.69,9644
2026-07-01 18:00:00,2558.69,2575.0,2555.26,2561.86,4989
2026-07-01 19:00:00,2561.86,2573.06,2561.74,2566.42,3882
2026-07-01 20:00:00,2566.42,2566.67,2557.72,2561.99,1652
2026-07-01 21:00:00,2561.99,2579.78,2561.84,2568.2,3129
2026-07-01 22:00:00,2568.2,2571.88,2564.94,2569.78,4296
2026-07-01 23:00:00,2569.78,2570.44,2565.42,2567.2,4381
2026-07-02 00:00:00,2567.2,2567.74,2561.73,2567.03,5302
2026-07-02 01:00:00,2567.03,2572.54,2562.9,2569.12,4305
2026-07-02 02:00:00,2569.12,2584.9,2564.18,2569.44,5580
2026-07-02 03:00:00,2569.44,2572.68,2569.26,2571.46,4970
2026-07-02 04:00:00,2571.46,2576.72,2554.13,2568.09,2555
2026-07-02 05:00:00,2568.09,2571.88,2564.26,2568.74,4079
2026-07-02 06:00:00,2568.74,2569.14,2545.92,2563.55,5648
2026-07-02 07:00:00,2563.55,2567.74,2557.5,2563.17,4265
2026-07-02 08:00:00,2563.17,2563.48,2554.79,2555.58,6221
2026-07-02 09:00:00,2555.58,2555.97,2546.96,2549.42,12196
2026-07-02 10:00:00,2549.42,2564.37,2548.99,2559.83,8562
2026-07-02 11:00:00,2559.83,2571.81,2559.35,2569.06,10236
2026-07-02 12:00:00,2569.06,2577.88,2561.45,2574.24,3300
2026-07-02 13:00:00,2574.24,2574.44,2564.11,2565.02,3665
2026-07-02 14:00:00,2565.02,2571.03,2552.28,2562.37,10458
2026-07-02 15:00:00,2562.37,2574.68,2562.13,2572.64,7447
2026-07-02 16:00:00,2572.64,2574.58,2572.05,2573.86,12909
2026-07-02 17:00:00,2573.86,2599.74,2573.76,2593.61,5277
2026-07-02 18:00:00,2593.61,2602.75,2593.4,2596.99,3748
2026-07-02 19:00:00,2596.99,2601.0,2596.38,2597.74,4763
2026-07-02 20:00:00,2597.74,2602.12,2595.81,2596.61,4912
2026-07-02 21:00:00,2596.61,2601.53,2596.11,2597.15,5077
2026-07-02 22:00:00,2597.15,2603.8,2595.25,2596.61,3687
2026-07-02 23:00:00,2596.61,2602.85,2595.97,2599.29,2719
2026-07-03 00:00:00,2599.29,2610.41,2599.13,2602.9,4632
2026-07-03 01:00:00,2602.9,2603.74,2598.67,2599.99,1859
2026-07-03 02:00:00,2599.99,2600.45,2593.4,2595.04,3539
2026-07-03 03:00:00,2595.04,2595.5,2584.0,2588.22,5437
2026-07-03 04:00:00,2588.22,2591.4,2587.97,2590.15,4654
2026-07-03 05:00:00,2590.15,2590.62,2585.11,2586.07,1833
2026-07-03 06:00:00,2586.07,2586.54,2565.59,2578.09,2230
2026-07-03 07:00:00,2578.09,2581.73,2577.94,2579.57,2997
2026-07-03 08:00:00,2579.57,2606.32,2579.08,2600.84,6417
2026-07-03 09:00:00,2600.84,2607.95,2597.37,2600.81,11578
2026-07-03 10:00:00,2600.81,2620.86,2592.69,2608.02,7134
2026-07-03 11:00:00,2608.02,2609.44,2602.89,2608.74,12355
2026-07-03 12:00:00,2608.74,2609.8,2607.08,2607.91,7640
2026-07-03 13:00:00,2607.91,2618.65,2607.69,2615.84,5231
2026-07-03 14:00:00,2615.84,2617.3,2611.38,2613.36,12698
2026-07-03 15:00:00,2613.36,2621.57,2613.13,2615.68,9644
2026-07-03 16:00:00,2615.68,2635.99,2615.4,2618.47,9915
2026-07-03 17:00:00,2618.47,2618.71,2609.47,2612.74,9009
2026-07-03 18:00:00,2612.74,2625.93,2612.31,2621.31,3797
2026-07-03 19:00:00,2621.31,2624.98,2620.14,2620.68,2160
2026-07-03 20:00:00,2620.68,2621.17,2615.6,2617.86,4644
2026-07-03 21:00:00,2617.86,2621.48,2616.58,2619.91,4662
2026-07-03 22:00:00,2619.91,2622.11,2614.12,2616.56,5721
2026-07-03 23:00:00,2616.56,2618.98,2614.7,2616.7,5485
2026-07-04 00:00:00,2616.7,2622.99,2612.75,2616.69,2769
2026-07-04 01:00:00,2616.69,2624.19,2612.15,2620.82,6206
2026-07-04 02:00:00,2620.82,2623.79,2612.0,2622.65,2794
2026-07-04 03:00:00,2622.65,2629.52,2617.96,2622.58,2509
2026-07-04 04:00:00,2622.58,2629.51,2618.89,2625.71,3591
2026-07-04 05:00:00,2625.71,2631.49,2623.57,2631.0,3257
2026-07-04 06:00:00,2631.0,2638.59,2624.06,2633.15,3464
2026-07-04 07:00:00,2633.15,2637.2,2631.2,2633.22,6143
2026-07-04 08:00:00,2633.22,2633.68,2621.73,2621.89,5920
2026-07-04 09:00:00,2621.89,2622.32,2610.64,2612.74,5616
2026-07-04 10:00:00,2612.74,2613.05,2603.16,2610.13,9550
2026-07-04 11:00:00,2610.13,2611.49,2595.96,2604.92,8588
2026-07-04 12:00:00,2604.92,2605.16,2600.71,2603.34,11136
2026-07-04 13:00:00,2603.34,2604.28,2599.12,2603.84,11448
2026-07-04 14:00:00,2603.84,2609.96,2599.72,2608.41,7308
2026-07-04 15:00:00,2608.41,2611.38,2595.17,2607.82,6096
2026-07-04 16:00:00,2607.82,2618.14,2602.14,2612.02,7081
2026-07-04 17:00:00,2612.02,2620.33,2611.67,2612.6,3854
2026-07-04 18:00:00,2612.6,2612.74,2593.81,2595.69,4268
2026-07-04 19:00:00,2595.69,2596.37,2587.86,2592.21,3059
2026-07-04 20:00:00,2592.21,2596.49,2589.62,2591.7,2236
2026-07-04 21:00:00,2591.7,2592.01,2571.77,2587.22,6495
2026-07-04 22:00:00,2587.22,2591.13,2586.85,2589.49,3428
2026-07-04 23:00:00,2589.49,2597.13,2589.27,2595.24,3690
2026-07-05 00:00:00,2595.24,2609.84,2592.29,2599.83,2502
2026-07-05 01:00:00,2599.83,2604.49,2598.24,2599.06,4485
2026-07-05 02:00:00,2599.06,2612.28,2598.95,2604.68,3422
2026-07-05 03:00:00,2604.68,2609.23,2601.07,2605.27,5252
2026-07-05 04:00:00,2605.27,2610.2,2593.29,2604.03,5637
2026-07-05 05:00:00,2604.03,2612.22,2599.23,2601.77,5202
2026-07-05 06:00:00,2601.77,2602.16,2597.37,2600.67,4692
2026-07-05 07:00:00,2600.67,2607.22,2596.8,2599.24,5334
2026-07-05 08:00:00,2599.24,2610.05,2598.89,2600.72,13063
2026-07-05 09:00:00,2600.72,2604.28,2597.54,2602.12,13039
2026-07-05 10:00:00,2602.12,2608.63,2597.66,2602.16,11059
2026-07-05 11:00:00,2602.16,2609.51,2592.72,2605.93,4048
2026-07-05 12:00:00,2605.93,2616.72,2605.72,2616.18,8553
2026-07-05 13:00:00,2616.18,2637.05,2612.62,2624.39,10971
2026-07-05 14:00:00,2624.39,2624.56,2604.01,2611.62,7040
2026-07-05 15:00:00,2611.62,2611.91,2585.84,2589.77,6012
2026-07-05 16:00:00,2589.77,2604.52,2589.54,2597.77,8954
2026-07-05 17:00:00,2597.77,2598.04,2580.71,2586.13,8355
2026-07-05 18:00:00,2586.13,2587.05,2581.25,2584.24,1637
2026-07-05 19:00:00,2584.24,2594.96,2576.32,2579.92,4298
2026-07-05 20:00:00,2579.92,2580.41,2572.32,2573.26,4430
2026-07-05 21:00:00,2573.26,2580.36,2572.88,2575.3,5420
2026-07-05 22:00:00,2575.3,2578.88,2573.75,2578.15,5682
2026-07-05 23:00:00,2578.15,2589.41,2571.13,2576.04,3333
2026-07-06 00:00:00,2576.04,2576.38,2562.68,2566.48,3639
2026-07-06 01:00:00,2566.48,2567.21,2562.82,2564.49,1707
2026-07-06 02:00:00,2564.49,2573.45,2564.23,2565.97,3733
2026-07-06 03:00:00,2565.97,2566.22,2560.09,2560.54,3350
2026-07-06 04:00:00,2560.54,2573.14,2560.26,2561.25,3187
2026-07-06 05:00:00,2561.25,2564.5,2556.71,2561.22,3703
2026-07-06 06:00:00,2561.22,2568.01,2560.99,2563.39,3708
2026-07-06 07:00:00,2563.39,2571.47,2563.05,2563.87,2350
2026-07-06 08:00:00,2563.87,2564.24,2550.12,2555.69,8146
2026-07-06 09:00:00,2555.69,2569.67,2555.33,2565.79,11418
2026-07-06 10:00:00,2565.79,2571.71,2562.51,2564.47,10681
2026-07-06 11:00:00,2564.47,2577.33,2554.2,2564.26,9039
2026-07-06 12:00:00,2564.26,2564.63,2549.83,2556.42,3790
2026-07-06 13:00:00,2556.42,2556.85,2544.68,2552.71,11602
2026-07-06 14:00:00,2552.71,2552.98,2541.78,2545.31,6404
2026-07-06 15:00:00,2545.31,2545.68,2539.95,2543.88,12962
2026-07-06 16:00:00,2543.88,2561.13,2543.49,2558.27,4008
2026-07-06 17:00:00,2558.27,2558.54,2543.3,2546.76,6624
2026-07-06 18:00:00,2546.76,2547.17,2528.82,2533.29,3586
2026-07-06 19:00:00,2533.29,2548.25,2532.94,2538.7,6100
2026-07-06 20:00:00,2538.7,2544.37,2535.32,2537.96,3787
2026-07-06 21:00:00,2537.96,2549.98,2528.59,2535.55,2186
2026-07-06 22:00:00,2535.55,2541.61,2533.05,2539.38,3517
2026-07-06 23:00:00,2539.38,2549.53,2525.63,2537.2,2968
2026-07-07 00:00:00,2537.2,2549.15,2536.81,2543.91,5423
2026-07-07 01:00:00,2543.91,2555.18,2541.28,2546.43,6335
2026-07-07 02:00:00,2546.43,2551.58,2539.64,2544.67,2496
2026-07-07 03:00:00,2544.67,2560.93,2544.35,2552.62,4034
2026-07-07 04:00:00,2552.62,2554.12,2542.06,2550.42,4312
2026-07-07 05:00:00,2550.42,2555.97,2549.47,2553.18,2122
2026-07-07 06:00:00,2553.18,2556.11,2544.21,2554.31,5324
2026-07-07 07:00:00,2554.31,2563.14,2554.0,2559.14,4283
2026-07-07 08:00:00,2559.14,2576.26,2558.85,2572.35,12964
2026-07-07 09:00:00,2572.35,2574.91,2564.59,2572.64,5665
2026-07-07 10:00:00,2572.64,2573.04,2563.61,2566.28,3966
2026-07-07 11:00:00,2566.28,2587.13,2566.15,2570.19,4758
2026-07-07 12:00:00,2570.19,2574.11,2560.17,2564.49,9781
2026-07-07 13:00:00,2564.49,2584.39,2564.04,2581.56,12086
2026-07-07 14:00:00,2581.56,2586.7,2578.85,2582.74,7682
2026-07-07 15:00:00,2582.74,2585.94,2578.96,2579.66,10989
2026-07-07 16:00:00,2579.66,2582.52,2578.11,2581.24,9226
2026-07-07 17:00:00,2581.24,2581.73,2563.46,2569.84,12768
2026-07-07 18:00:00,2569.84,2570.17,2557.37,2561.66,4698
2026-07-07 19:00:00,2561.66,2569.07,2561.52,2566.12,2018
2026-07-07 20:00:00,2566.12,2575.2,2561.21,2563.73,5933
2026-07-07 21:00:00,2563.73,2575.48,2558.43,2559.89,3369
2026-07-07 22:00:00,2559.89,2565.96,2558.88,2561.9,5310
2026-07-07 23:00:00,2561.9,2577.15,2561.4,2566.31,2412
2026-07-08 00:00:00,2566.31,2571.59,2565.83,2569.0,5434
2026-07-08 01:00:00,2569.0,2581.71,2568.63,2572.72,6402
2026-07-08 02:00:00,2572.72,2575.31,2555.29,2569.95,4688
2026-07-08 03:00:00,2569.95,2570.25,2549.78,2564.73,2815
2026-07-08 04:00:00,2564.73,2570.7,2564.31,2570.31,4728
2026-07-08 05:00:00,2570.31,2578.39,2563.0,2569.15,2071
2026-07-08 06:00:00,2569.15,2573.87,2566.92,2568.25,4755
2026-07-08 07:00:00,2568.25,2581.63,2568.02,2573.2,3971
2026-07-08 08:00:00,2573.2,2582.47,2569.4,2577.93,3513
2026-07-08 09:00:00,2577.93,2587.61,2577.45,2581.83,12172
2026-07-08 10:00:00,2581.83,2602.52,2581.43,2600.31,6905
2026-07-08 11:00:00,2600.31,2601.34,2588.37,2594.83,13952
2026-07-08 12:00:00,2594.83,2603.86,2594.58,2602.79,12159
2026-07-08 13:00:00,2602.79,2607.34,2601.76,2603.3,3872
2026-07-08 14:00:00,2603.3,2605.88,2600.41,2605.62,5357
2026-07-08 15:00:00,2605.62,2619.34,2605.35,2618.78,7253
2026-07-08 16:00:00,2618.78,2624.47,2618.34,2623.18,4028
2026-07-08 17:00:00,2623.18,2631.56,2619.94,2627.86,12562
2026-07-08 18:00:00,2627.86,2639.59,2627.59,2637.17,1767
2026-07-08 19:00:00,2637.17,2639.07,2634.84,2635.82,3559
2026-07-08 20:00:00,2635.82,2640.14,2621.63,2632.67,1572
2026-07-08 21:00:00,2632.67,2638.27,2615.29,2628.74,4421
2026-07-08 22:00:00,2628.74,2629.0,2618.75,2621.34,3953
2026-07-08 23:00:00,2621.34,2629.96,2621.04,2629.15,5388
2026-07-09 00:00:00,2629.15,2629.49,2622.47,2625.0,1677
2026-07-09 01:00:00,2625.0,2629.37,2622.91,2624.2,3499
2026-07-09 02:00:00,2624.2,2627.85,2615.86,2623.18,2271
2026-07-09 03:00:00,2623.18,2625.64,2620.78,2624.38,2445
2026-07-09 04:00:00,2624.38,2636.13,2619.75,2627.5,5995
2026-07-09 05:00:00,2627.5,2635.36,2627.07,2630.79,1769
2026-07-09 06:00:00,2630.79,2640.23,2625.52,2628.61,3355
2026-07-09 07:00:00,2628.61,2630.25,2626.89,2628.01,3155
2026-07-09 08:00:00,2628.01,2634.15,2626.93,2630.48,11554
2026-07-09 09:00:00,2630.48,2633.57,2623.51,2628.34,8872
2026-07-09 10:00:00,2628.34,2650.74,2627.92,2642.31,12438
2026-07-09 11:00:00,2642.31,2659.47,2633.87,2646.6,9215
2026-07-09 12:00:00,2646.6,2663.37,2646.26,2653.03,14260
2026-07-09 13:00:00,2653.03,2666.78,2651.38,2658.85,12894
2026-07-09 14:00:00,2658.85,2670.41,2658.46,2669.16,7968
2026-07-09 15:00:00,2669.16,2677.04,2668.82,2670.77,10254
2026-07-09 16:00:00,2670.77,2671.23,2651.38,2659.42,4408
2026-07-09 17:00:00,2659.42,2666.35,2645.39,2662.94,8588
2026-07-09 18:00:00,2662.94,2665.03,2655.98,2657.26,3701
2026-07-09 19:00:00,2657.26,2658.13,2651.57,2655.27,4789
2026-07-09 20:00:00,2655.27,2665.35,2653.67,2657.54,6081
2026-07-09 21:00:00,2657.54,2670.35,2657.33,2662.32,2653
2026-07-09 22:00:00,2662.32,2678.21,2653.9,2662.43,5661
2026-07-09 23:00:00,2662.43,2668.4,2661.97,2663.65,3927
2026-07-10 00:00:00,2663.65,2671.9,2663.15,2670.22,2836
2026-07-10 01:00:00,2670.22,2682.83,2670.01,2671.18,1906
2026-07-10 02:00:00,2671.18,2686.07,2671.07,2681.24,4978
2026-07-10 03:00:00,2681.24,2683.86,2676.14,2683.45,5544
2026-07-10 04:00:00,2683.45,2683.87,2670.43,2676.69,1776
2026-07-10 05:00:00,2676.69,2696.96,2676.33,2679.63,4980
2026-07-10 06:00:00,2679.63,2688.83,2679.16,2681.13,3861
2026-07-10 07:00:00,2681.13,2693.65,2679.36,2686.15,4096
2026-07-10 08:00:00,2686.15,2696.13,2685.76,2692.13,7629
2026-07-10 09:00:00,2692.13,2693.58,2690.22,2690.92,4312
2026-07-10 10:00:00,2690.92,2691.13,2665.76,2680.12,8681
2026-07-10 11:00:00,2680.12,2687.65,2667.79,2678.3,11525
2026-07-10 12:00:00,2678.3,2678.72,2667.71,2670.83,6780
2026-07-10 13:00:00,2670.83,2671.16,2662.54,2665.75,11037
2026-07-10 14:00:00,2665.75,2675.07,2665.28,2670.95,13864
2026-07-10 15:00:00,2670.95,2688.2,2670.46,2685.69,12535
2026-07-10 16:00:00,2685.69,2692.58,2685.19,2689.2,8525
2026-07-10 17:00:00,2689.2,2689.56,2676.86,2678.66,9325
2026-07-10 18:00:00,2678.66,2683.29,2678.43,2682.6,2471
2026-07-10 19:00:00,2682.6,2690.42,2669.72,2687.26,2825
2026-07-10 20:00:00,2687.26,2692.03,2678.34,2684.93,1652
2026-07-10 21:00:00,2684.93,2688.6,2679.84,2684.45,5108
2026-07-10 22:00:00,2684.45,2691.75,2679.9,2684.54,5460
2026-07-10 23:00:00,2684.54,2684.93,2676.23,2681.54,4606
2026-07-11 00:00:00,2681.54,2686.58,2672.79,2684.08,4586
2026-07-11 01:00:00,2684.08,2687.05,2677.71,2683.64,2229
2026-07-11 02:00:00,2683.64,2690.91,2672.57,2685.3,5467
2026-07-11 03:00:00,2685.3,2693.42,2678.46,2681.9,5669
2026-07-11 04:00:00,2681.9,2683.95,2674.94,2680.24,6451
2026-07-11 05:00:00,2680.24,2704.66,2678.92,2683.06,5502
2026-07-11 06:00:00,2683.06,2684.44,2679.79,2681.66,3832
2026-07-11 07:00:00,2681.66,2689.31,2681.3,2688.37,3073
2026-07-11 08:00:00,2688.37,2689.44,2682.03,2684.85,10489
2026-07-11 09:00:00,2684.85,2694.89,2683.96,2686.86,12925
2026-07-11 10:00:00,2686.86,2698.6,2686.46,2695.14,14040
2026-07-11 11:00:00,2695.14,2695.55,2677.44,2682.61,4807
2026-07-11 12:00:00,2682.61,2682.83,2666.12,2667.13,11853
2026-07-11 13:00:00,2667.13,2667.27,2650.84,2653.79,6773
2026-07-11 14:00:00,2653.79,2670.11,2653.55,2664.86,5429
2026-07-11 15:00:00,2664.86,2665.03,2658.26,2660.04,11521
2026-07-11 16:00:00,2660.04,2696.03,2659.58,2682.56,7772
2026-07-11 17:00:00,2682.56,2682.87,2674.28,2677.6,4987
2026-07-11 18:00:00,2677.6,2681.27,2676.66,2679.25,2145
2026-07-11 19:00:00,2679.25,2689.88,2679.08,2685.24,5621
2026-07-11 20:00:00,2685.24,2698.27,2681.1,2693.04,2579
2026-07-11 21:00:00,2693.04,2703.71,2692.93,2701.08,2136
2026-07-11 22:00:00,2701.08,2720.76,2700.97,2705.82,5825
2026-07-11 23:00:00,2705.82,2715.72,2705.61,2709.85,3600
2026-07-12 00:00:00,2709.85,2714.69,2703.24,2712.19,1600
2026-07-12 01:00:00,2712.19,2715.71,2712.08,2715.27,5417
2026-07-12 02:00:00,2715.27,2719.1,2712.69,2713.15,6399
2026-07-12 03:00:00,2713.15,2717.19,2707.61,2709.99,2368
2026-07-12 04:00:00,2709.99,2715.07,2708.84,2710.01,5597
2026-07-12 05:00:00,2710.01,2712.5,2706.97,2709.37,1521
2026-07-12 06:00:00,2709.37,2719.62,2704.77,2707.64,4125
2026-07-12 07:00:00,2707.64,2714.17,2707.5,2710.39,3403
2026-07-12 08:00:00,2710.39,2722.44,2710.08,2718.95,8967
2026-07-12 09:00:00,2718.95,2729.31,2717.28,2719.76,12339
2026-07-12 10:00:00,2719.76,2737.66,2719.6,2733.04,13450
2026-07-12 11:00:00,2733.04,2735.62,2719.72,2722.81,10544
2026-07-12 12:00:00,2722.81,2726.88,2720.66,2721.1,7557
2026-07-12 13:00:00,2721.1,2721.58,2703.47,2714.71,4653
2026-07-12 14:00:00,2714.71,2714.83,2691.61,2698.1,8690
2026-07-12 15:00:00,2698.1,2700.3,2687.03,2697.38,11184
2026-07-12 16:00:00,2697.38,2702.63,2689.93,2696.32,3929
2026-07-12 17:00:00,2696.32,2711.34,2695.98,2709.81,10599
2026-07-12 18:00:00,2709.81,2715.94,2709.7,2715.47,3423
2026-07-12 19:00:00,2715.47,2715.96,2705.73,2711.5,6421
2026-07-12 20:00:00,2711.5,2720.23,2711.27,2718.78,4273
2026-07-12 21:00:00,2718.78,2725.61,2718.16,2723.6,3590
2026-07-12 22:00:00,2723.6,2728.68,2722.41,2725.92,4301
2026-07-12 23:00:00,2725.92,2735.15,2723.67,2725.06,2492
2026-07-13 00:00:00,2725.06,2727.63,2720.07,2721.33,3084
2026-07-13 01:00:00,2721.33,2722.63,2718.48,2719.91,3403
2026-07-13 02:00:00,2719.91,2725.14,2717.65,2724.21,2375
2026-07-13 03:00:00,2724.21,2738.38,2723.64,2731.64,6329
2026-07-13 04:00:00,2731.64,2753.95,2731.33,2737.76,3385
2026-07-13 05:00:00,2737.76,2742.4,2733.61,2735.86,1643
2026-07-13 06:00:00,2735.86,2736.33,2730.66,2731.49,3756
2026-07-13 07:00:00,2731.49,2735.94,2731.3,2732.07,2622
2026-07-13 08:00:00,2732.07,2732.28,2708.71,2716.24,4837
2026-07-13 09:00:00,2716.24,2726.03,2714.75,2719.15,12559
2026-07-13 10:00:00,2719.15,2723.76,2716.03,2717.85,3894
2026-07-13 11:00:00,2717.85,2718.05,2702.87,2713.71,3436
2026-07-13 12:00:00,2713.71,2714.17,2691.02,2699.52,5515
2026-07-13 13:00:00,2699.52,2707.05,2699.15,2704.11,9554
2026-07-13 14:00:00,2704.11,2704.41,2695.99,2699.39,8298
2026-07-13 15:00:00,2699.39,2699.56,2678.47,2689.04,7660
2026-07-13 16:00:00,2689.04,2689.19,2663.36,2663.75,8641
2026-07-13 17:00:00,2663.75,2665.03,2659.59,2663.53,11492
2026-07-13 18:00:00,2663.53,2682.13,2663.06,2679.14,5913
2026-07-13 19:00:00,2679.14,2693.31,2678.82,2685.59,4255
2026-07-13 20:00:00,2685.59,2686.06,2677.11,2683.85,5234
2026-07-13 21:00:00,2683.85,2685.67,2676.54,2681.56,2792
2026-07-13 22:00:00,2681.56,2688.74,2674.9,2683.4,6009
2026-07-13 23:00:00,2683.4,2695.2,2677.66,2679.58,5820
2026-07-14 00:00:00,2679.58,2691.34,2672.96,2680.78,2677
2026-07-14 01:00:00,2680.78,2690.65,2676.74,2683.77,6216
2026-07-14 02:00:00,2683.77,2694.28,2683.51,2688.55,4120
2026-07-14 03:00:00,2688.55,2695.22,2683.6,2688.19,4036
2026-07-14 04:00:00,2688.19,2695.97,2685.16,2687.44,3468
2026-07-14 05:00:00,2687.44,2690.11,2676.52,2684.07,2695
2026-07-14 06:00:00,2684.07,2691.16,2678.61,2680.91,4331
2026-07-14 07:00:00,2680.91,2696.54,2677.93,2680.07,2007
2026-07-14 08:00:00,2680.07,2683.92,2679.57,2683.33,4188
2026-07-14 09:00:00,2683.33,2693.28,2682.95,2691.44,6146
2026-07-14 10:00:00,2691.44,2691.85,2682.53,2684.35,11275
2026-07-14 11:00:00,2684.35,2699.87,2684.03,2697.6,9501
2026-07-14 12:00:00,2697.6,2700.04,2688.41,2695.21,13769
2026-07-14 13:00:00,2695.21,2710.29,2694.3,2695.04,11301
2026-07-14 14:00:00,2695.04,2697.04,2685.04,2688.44,7420
2026-07-14 15:00:00,2688.44,2688.68,2659.2,2667.09,6393
2026-07-14 16:00:00,2667.09,2682.91,2666.61,2674.89,11182
2026-07-14 17:00:00,2674.89,2682.11,2674.54,2681.4,6769
2026-07-14 18:00:00,2681.4,2687.7,2674.51,2678.94,5876
2026-07-14 19:00:00,2678.94,2682.62,2676.2,2679.23,4927
2026-07-14 20:00:00,2679.23,2686.11,2676.35,2681.26,2136
2026-07-14 21:00:00,2681.26,2681.67,2671.57,2675.26,2307
2026-07-14 22:00:00,2675.26,2675.74,2668.75,2673.26,3895
2026-07-14 23:00:00,2673.26,2683.63,2673.12,2676.35,6024
2026-07-15 00:00:00,2676.35,2676.64,2670.41,2671.55,2915
2026-07-15 01:00:00,2671.55,2684.37,2670.1,2672.72,3949
2026-07-15 02:00:00,2672.72,2672.84,2661.55,2667.53,6260
2026-07-15 03:00:00,2667.53,2671.79,2662.86,2669.36,6345
2026-07-15 04:00:00,2669.36,2679.9,2653.43,2669.25,4996
2026-07-15 05:00:00,2669.25,2669.48,2660.47,2663.08,5088
2026-07-15 06:00:00,2663.08,2671.97,2659.76,2667.59,5529
2026-07-15 07:00:00,2667.59,2672.88,2652.26,2664.8,6232
2026-07-15 08:00:00,2664.8,2665.01,2649.26,2657.72,4430
2026-07-15 09:00:00,2657.72,2664.57,2657.56,2659.5,10546
2026-07-15 10:00:00,2659.5,2677.58,2656.74,2669.59,9697
2026-07-15 11:00:00,2669.59,2672.02,2646.36,2660.7,8795
2026-07-15 12:00:00,2660.7,2666.75,2657.4,2661.26,6305
2026-07-15 13:00:00,2661.26,2668.62,2660.9,2665.04,4048
2026-07-15 14:00:00,2665.04,2675.86,2662.41,2671.15,12038
2026-07-15 15:00:00,2671.15,2684.08,2665.14,2672.72,6732
2026-07-15 16:00:00,2672.72,2673.86,2668.41,2669.52,8729
2026-07-15 17:00:00,2669.52,2671.99,2656.26,2662.28,8641
2026-07-15 18:00:00,2662.28,2668.81,2654.7,2663.05,5188
2026-07-15 19:00:00,2663.05,2665.9,2657.07,2658.98,4195
2026-07-15 20:00:00,2658.98,2661.21,2642.44,2647.84,3527
2026-07-15 21:00:00,2647.84,2650.29,2647.21,2649.54,5252
2026-07-15 22:00:00,2649.54,2659.41,2649.4,2653.03,1815
2026-07-15 23:00:00,2653.03,2659.28,2640.01,2644.05,5489
2026-07-16 00:00:00,2644.05,2644.52,2637.51,2640.24,2601
2026-07-16 01:00:00,2640.24,2652.26,2633.37,2642.62,2030
2026-07-16 02:00:00,2642.62,2651.85,2642.3,2650.5,3902
2026-07-16 03:00:00,2650.5,2655.48,2643.92,2650.61,3359
2026-07-16 04:00:00,2650.61,2651.34,2645.46,2647.86,6257
2026-07-16 05:00:00,2647.86,2648.32,2640.03,2647.2,2719
2026-07-16 06:00:00,2647.2,2655.43,2646.92,2652.48,5722
2026-07-16 07:00:00,2652.48,2655.11,2645.7,2650.04,5944
2026-07-16 08:00:00,2650.04,2650.34,2642.58,2643.1,7185
2026-07-16 09:00:00,2643.1,2643.31,2638.26,2638.93,5647
2026-07-16 10:00:00,2638.93,2639.16,2627.08,2630.68,4899
2026-07-16 11:00:00,2630.68,2638.74,2625.76,2631.76,3834
2026-07-16 12:00:00,2631.76,2646.4,2631.37,2645.89,7227
2026-07-16 13:00:00,2645.89,2657.5,2644.46,2648.73,4864
2026-07-16 14:00:00,2648.73,2655.53,2641.82,2646.55,9664
2026-07-16 15:00:00,2646.55,2648.39,2639.07,2644.03,10230
2026-07-16 16:00:00,2644.03,2644.21,2628.5,2630.48,12498
2026-07-16 17:00:00,2630.48,2639.95,2629.01,2638.16,6617
2026-07-16 18:00:00,2638.16,2642.62,2632.56,2637.5,1770
2026-07-16 19:00:00,2637.5,2644.51,2631.79,2636.85,3297
2026-07-16 20:00:00,2636.85,2661.04,2636.35,2649.04,4060
2026-07-16 21:00:00,2649.04,2656.85,2647.93,2650.21,5060
2026-07-16 22:00:00,2650.21,2652.81,2645.09,2647.37,5503
2026-07-16 23:00:00,2647.37,2647.68,2642.98,2645.78,3677
2026-07-17 00:00:00,2645.78,2656.42,2645.4,2650.19,2337
2026-07-17 01:00:00,2650.19,2657.78,2644.1,2650.66,4317
2026-07-17 02:00:00,2650.66,2650.99,2642.68,2645.2,5214
2026-07-17 03:00:00,2645.2,2658.18,2645.07,2648.74,4578
2026-07-17 04:00:00,2648.74,2665.71,2629.76,2646.23,4399
2026-07-17 05:00:00,2646.23,2653.81,2645.82,2653.41,3276
2026-07-17 06:00:00,2653.41,2658.37,2651.89,2657.57,3150
2026-07-17 07:00:00,2657.57,2660.59,2644.78,2655.89,4448
2026-07-17 08:00:00,2655.89,2673.76,2655.45,2667.13,8844
2026-07-17 09:00:00,2667.13,2671.21,2665.18,2667.75,8547
2026-07-17 10:00:00,2667.75,2683.22,2664.26,2675.27,13010
2026-07-17 11:00:00,2675.27,2681.99,2675.03,2679.56,9389
2026-07-17 12:00:00,2679.56,2679.69,2663.13,2672.13,12623
2026-07-17 13:00:00,2672.13,2672.49,2650.9,2666.5,9248
2026-07-17 14:00:00,2666.5,2678.09,2666.05,2675.57,5878
2026-07-17 15:00:00,2675.57,2675.99,2668.39,2672.65,8839
2026-07-17 16:00:00,2672.65,2672.9,2666.86,2669.12,4096
2026-07-17 17:00:00,2669.12,2669.39,2654.66,2660.76,4727
2026-07-17 18:00:00,2660.76,2675.08,2660.66,2664.5,3756
2026-07-17 19:00:00,2664.5,2675.86,2664.35,2672.45,4636
2026-07-17 20:00:00,2672.45,2672.61,2667.59,2668.38,6144
2026-07-17 21:00:00,2668.38,2675.34,2657.38,2668.51,2635
2026-07-17 22:00:00,2668.51,2676.64,2668.27,2673.97,5858
2026-07-17 23:00:00,2673.97,2680.37,2669.46,2673.7,4647
2026-07-18 00:00:00,2673.7,2682.44,2671.22,2675.47,6361
2026-07-18 01:00:00,2675.47,2681.05,2665.42,2671.42,2375
2026-07-18 02:00:00,2671.42,2682.39,2667.49,2673.1,5242
2026-07-18 03:00:00,2673.1,2673.83,2668.7,2672.41,5351
2026-07-18 04:00:00,2672.41,2676.55,2672.15,2676.24,2652
2026-07-18 05:00:00,2676.24,2684.9,2674.87,2680.85,3422
2026-07-18 06:00:00,2680.85,2694.21,2680.51,2690.9,2128
2026-07-18 07:00:00,2690.9,2695.04,2688.39,2693.18,4519
2026-07-18 08:00:00,2693.18,2699.47,2692.91,2696.09,7092
2026-07-18 09:00:00,2696.09,2698.36,2693.09,2697.84,13745
2026-07-18 10:00:00,2697.84,2699.37,2692.14,2694.72,5781
2026-07-18 11:00:00,2694.72,2704.9,2693.83,2697.75,13334
2026-07-18 12:00:00,2697.75,2698.12,2678.07,2695.15,4978
2026-07-18 13:00:00,2695.15,2715.62,2682.44,2696.66,5541
2026-07-18 14:00:00,2696.66,2722.11,2696.46,2708.41,12040
2026-07-18 15:00:00,2708.41,2708.56,2693.33,2699.47,11939
2026-07-18 16:00:00,2699.47,2710.14,2699.25,2709.64,9550
2026-07-18 17:00:00,2709.64,2727.31,2709.37,2721.43,9783
2026-07-18 18:00:00,2721.43,2722.36,2713.46,2720.4,2174
2026-07-18 19:00:00,2720.4,2720.79,2710.28,2712.13,2508
2026-07-18 20:00:00,2712.13,2718.93,2707.59,2709.79,2726
2026-07-18 21:00:00,2709.79,2725.13,2699.91,2714.89,3135
2026-07-18 22:00:00,2714.89,2717.8,2713.79,2714.83,5876
2026-07-18 23:00:00,2714.83,2718.15,2706.5,2710.96,1823
2026-07-19 00:00:00,2710.96,2713.05,2701.65,2709.02,4338
2026-07-19 01:00:00,2709.02,2715.02,2708.6,2712.34,5310
2026-07-19 02:00:00,2712.34,2717.97,2711.91,2714.51,3185
2026-07-19 03:00:00,2714.51,2725.82,2698.66,2713.61,5212
2026-07-19 04:00:00,2713.61,2716.1,2710.45,2712.21,2041
2026-07-19 05:00:00,2712.21,2719.76,2708.94,2710.71,4444
2026-07-19 06:00:00,2710.71,2711.99,2705.2,2707.15,2827
2026-07-19 07:00:00,2707.15,2730.57,2706.82,2713.48,2138
2026-07-19 08:00:00,2713.48,2717.08,2694.83,2710.63,13268
2026-07-19 09:00:00,2710.63,2725.4,2710.41,2721.53,8272
2026-07-19 10:00:00,2721.53,2738.79,2721.18,2735.22,6443
2026-07-19 11:00:00,2735.22,2746.63,2735.0,2744.24,9603
2026-07-19 12:00:00,2744.24,2749.65,2739.36,2740.37,5414
2026-07-19 13:00:00,2740.37,2750.46,2737.24,2744.03,9816
2026-07-19 14:00:00,2744.03,2748.46,2742.82,2743.83,8729
2026-07-19 15:00:00,2743.83,2744.11,2731.08,2735.71,10401
2026-07-19 16:00:00,2735.71,2739.27,2735.3,2738.65,3581
2026-07-19 17:00:00,2738.65,2739.14,2724.27,2728.06,12977
2026-07-19 18:00:00,2728.06,2746.95,2727.87,2738.77,5466
2026-07-19 19:00:00,2738.77,2746.16,2720.74,2736.97,2416
2026-07-19 20:00:00,2736.97,2739.5,2734.99,2737.8,2750
2026-07-19 21:00:00,2737.8,2747.44,2733.45,2738.95,3698
2026-07-19 22:00:00,2738.95,2740.56,2730.53,2737.96,6188
2026-07-19 23:00:00,2737.96,2741.1,2735.0,2740.31,5573
2026-07-20 00:00:00,2740.31,2749.14,2735.72,2738.47,5287
2026-07-20 01:00:00,2738.47,2743.59,2738.12,2741.94,2439
2026-07-20 02:00:00,2741.94,2742.38,2725.2,2736.66,3778
2026-07-20 03:00:00,2736.66,2754.85,2732.78,2737.2,2501
2026-07-20 04:00:00,2737.2,2749.82,2735.03,2744.88,5272
2026-07-20 05:00:00,2744.88,2751.97,2739.59,2740.96,3712
2026-07-20 06:00:00,2740.96,2742.27,2736.65,2738.32,3110
2026-07-20 07:00:00,2738.32,2742.83,2737.29,2740.38,3127
2026-07-20 08:00:00,2740.38,2742.73,2734.12,2742.03,10201
2026-07-20 09:00:00,2742.03,2746.76,2736.57,2745.21,12080
2026-07-20 10:00:00,2745.21,2754.52,2745.02,2749.66,5726
2026-07-20 11:00:00,2749.66,2757.1,2749.39,2755.43,8111
2026-07-20 12:00:00,2755.43,2767.24,2755.05,2765.54,12595
2026-07-20 13:00:00,2765.54,2777.77,2765.43,2769.29,9970
2026-07-20 14:00:00,2769.29,2777.08,2765.28,2767.12,9488
2026-07-20 15:00:00,2767.12,2780.99,2766.92,2773.27,8784
2026-07-20 16:00:00,2773.27,2794.47,2773.03,2790.69,11886
2026-07-20 17:00:00,2790.69,2802.44,2779.91,2789.5,3361
2026-07-20 18:00:00,2789.5,2791.38,2776.04,2780.58,5559
2026-07-20 19:00:00,2780.58,2791.04,2777.69,2785.05,2760
2026-07-20 20:00:00,2785.05,2789.16,2783.01,2784.6,5170
2026-07-20 21:00:00,2784.6,2784.93,2770.2,2775.94,6394
2026-07-20 22:00:00,2775.94,2796.91,2769.99,2779.36,5010
2026-07-20 23:00:00,2779.36,2782.26,2774.18,2777.25,3836
2026-07-21 00:00:00,2777.25,2777.7,2773.06,2776.93,4823
2026-07-21 01:00:00,2776.93,2781.19,2764.76,2778.29,1599
2026-07-21 02:00:00,2778.29,2789.88,2767.65,2779.08,5156
2026-07-21 03:00:00,2779.08,2787.56,2778.82,2781.96,6017
2026-07-21 04:00:00,2781.96,2785.11,2768.37,2780.25,2193
2026-07-21 05:00:00,2780.25,2784.66,2778.55,2782.34,6301
2026-07-21 06:00:00,2782.34,2795.32,2779.87,2781.33,1517
2026-07-21 07:00:00,2781.33,2784.94,2781.13,2784.33,5209
2026-07-21 08:00:00,2784.33,2803.96,2779.71,2790.0,9394
2026-07-21 09:00:00,2790.0,2790.21,2778.44,2781.44,5566
2026-07-21 10:00:00,2781.44,2796.76,2781.08,2791.42,13145
2026-07-21 11:00:00,2791.42,2791.6,2784.09,2786.52,12559
2026-07-21 12:00:00,2786.52,2805.27,2786.13,2793.97,6861
2026-07-21 13:00:00,2793.97,2803.23,2787.79,2797.37,5170
2026-07-21 14:00:00,2797.37,2823.76,2796.99,2814.37,7471
2026-07-21 15:00:00,2814.37,2818.47,2811.02,2812.32,5445
2026-07-21 16:00:00,2812.32,2816.06,2802.41,2809.11,8835
2026-07-21 17:00:00,2809.11,2818.7,2806.12,2808.95,12513
2026-07-21 18:00:00,2808.95,2809.26,2804.75,2806.17,3015
2026-07-21 19:00:00,2806.17,2817.44,2805.6,2809.44,2625
2026-07-21 20:00:00,2809.44,2812.56,2799.04,2802.94,1992
2026-07-21 21:00:00,2802.94,2803.23,2789.73,2798.73,4536
2026-07-21 22:00:00,2798.73,2798.99,2793.48,2794.46,4026
2026-07-21 23:00:00,2794.46,2799.41,2782.6,2798.32,1666
2026-07-22 00:00:00,2798.32,2808.08,2798.22,2805.26,5735
2026-07-22 01:00:00,2805.26,2810.67,2797.01,2804.87,5689
2026-07-22 02:00:00,2804.87,2807.15,2800.11,2804.22,2075
2026-07-22 03:00:00,2804.22,2811.24,2802.24,2804.54,2105
2026-07-22 04:00:00,2804.54,2810.02,2804.09,2809.27,4843
2026-07-22 05:00:00,2809.27,2813.14,2804.84,2805.56,3318
2026-07-22 06:00:00,2805.56,2808.51,2800.13,2806.55,2655
2026-07-22 07:00:00,2806.55,2814.47,2806.14,2810.53,6179
2026-07-22 08:00:00,2810.53,2816.12,2806.42,2815.19,5093
2026-07-22 09:00:00,2815.19,2824.5,2812.82,2816.97,9108
2026-07-22 10:00:00,2816.97,2835.7,2816.67,2826.29,6677
2026-07-22 11:00:00,2826.29,2826.62,2799.14,2801.28,9312
2026-07-22 12:00:00,2801.28,2811.75,2800.86,2807.56,5416
2026-07-22 13:00:00,2807.56,2815.54,2797.8,2801.54,9974
2026-07-22 14:00:00,2801.54,2802.03,2782.73,2784.73,7803
2026-07-22 15:00:00,2784.73,2796.46,2783.23,2789.44,13290
2026-07-22 16:00:00,2789.44,2805.7,2789.11,2802.11,11792
2026-07-22 17:00:00,2802.11,2804.29,2782.43,2800.86,6630
2026-07-22 18:00:00,2800.86,2814.32,2800.53,2809.68,4851
2026-07-22 19:00:00,2809.68,2821.22,2809.16,2816.25,2567
2026-07-22 20:00:00,2816.25,2822.23,2813.78,2821.62,2381
2026-07-22 21:00:00,2821.62,2834.9,2821.37,2828.33,5139
2026-07-22 22:00:00,2828.33,2850.06,2827.93,2831.39,3049
2026-07-22 23:00:00,2831.39,2832.03,2829.83,2831.73,4237
2026-07-23 00:00:00,2831.73,2831.86,2803.66,2825.24,6057
2026-07-23 01:00:00,2825.24,2826.01,2822.85,2824.27,1600
2026-07-23 02:00:00,2824.27,2832.57,2810.61,2820.88,5032
2026-07-23 03:00:00,2820.88,2830.78,2820.46,2829.75,4316
2026-07-23 04:00:00,2829.75,2831.3,2818.72,2829.06,1907
2026-07-23 05:00:00,2829.06,2831.82,2826.62,2829.6,4015
2026-07-23 06:00:00,2829.6,2832.86,2829.16,2831.88,3239
2026-07-23 07:00:00,2831.88,2835.11,2823.91,2832.09,5552
2026-07-23 08:00:00,2832.09,2852.13,2831.92,2847.96,3867
2026-07-23 09:00:00,2847.96,2848.28,2837.5,2842.15,4417
2026-07-23 10:00:00,2842.15,2848.84,2829.89,2844.0,11706
2026-07-23 11:00:00,2844.0,2844.28,2826.94,2837.08,12988
2026-07-23 12:00:00,2837.08,2837.72,2812.62,2824.8,11402
2026-07-23 13:00:00,2824.8,2838.58,2817.79,2819.14,13684
2026-07-23 14:00:00,2819.14,2820.32,2816.04,2818.82,11497
2026-07-23 15:00:00,2818.82,2819.2,2811.45,2814.86,4791
2026-07-23 16:00:00,2814.86,2823.16,2800.92,2808.47,6122
2026-07-23 17:00:00,2808.47,2808.58,2793.46,2795.52,13941
2026-07-23 18:00:00,2795.52,2798.03,2787.72,2794.78,2406
2026-07-23 19:00:00,2794.78,2795.18,2784.66,2788.76,1767
2026-07-23 20:00:00,2788.76,2807.53,2788.33,2791.85,4603
2026-07-23 21:00:00,2791.85,2800.86,2781.45,2792.22,6406
2026-07-23 22:00:00,2792.22,2793.51,2782.37,2786.4,2700
2026-07-23 23:00:00,2786.4,2790.62,2784.73,2785.19,2616
2026-07-24 00:00:00,2785.19,2786.11,2777.5,2782.21,2398
2026-07-24 01:00:00,2782.21,2789.5,2780.41,2783.52,4290
2026-07-24 02:00:00,2783.52,2791.44,2783.02,2788.93,4144
2026-07-24 03:00:00,2788.93,2789.36,2780.31,2781.45,2558
2026-07-24 04:00:00,2781.45,2793.07,2775.91,2781.94,2187
2026-07-24 05:00:00,2781.94,2788.77,2774.18,2781.33,2287
2026-07-24 06:00:00,2781.33,2788.36,2780.66,2784.06,5994
2026-07-24 07:00:00,2784.06,2791.68,2780.95,2784.95,4144
2026-07-24 08:00:00,2784.95,2785.33,2768.66,2778.08,8060
2026-07-24 09:00:00,2778.08,2778.46,2763.18,2775.19,13105
2026-07-24 10:00:00,2775.19,2775.47,2766.76,2767.95,3746
2026-07-24 11:00:00,2767.95,2780.95,2767.56,2777.79,10377
2026-07-24 12:00:00,2777.79,2783.2,2777.28,2778.01,8780
2026-07-24 13:00:00,2778.01,2801.33,2777.0,2795.47,13908
2026-07-24 14:00:00,2795.47,2795.89,2792.91,2794.93,7783
2026-07-24 15:00:00,2794.93,2801.93,2777.5,2788.44,10709
2026-07-24 16:00:00,2788.44,2788.84,2773.21,2774.61,11127
2026-07-24 17:00:00,2774.61,2774.92,2748.58,2758.21,12225
2026-07-24 18:00:00,2758.21,2758.49,2740.77,2743.88,6362
2026-07-24 19:00:00,2743.88,2748.26,2734.17,2744.97,2726
2026-07-24 20:00:00,2744.97,2748.27,2743.88,2747.02,5990
2026-07-24 21:00:00,2747.02,2747.13,2735.63,2740.8,5843
2026-07-24 22:00:00,2740.8,2749.59,2740.38,2744.37,5011
2026-07-24 23:00:00,2744.37,2749.0,2739.19,2742.5,2413
2026-07-25 00:00:00,2742.5,2745.29,2741.61,2743.11,2919
2026-07-25 01:00:00,2743.11,2760.08,2742.84,2749.52,4203
2026-07-25 02:00:00,2749.52,2761.85,2748.0,2753.11,1855
2026-07-25 03:00:00,2753.11,2754.04,2744.94,2752.08,4972
2026-07-25 04:00:00,2752.08,2753.76,2740.78,2748.58,1740
2026-07-25 05:00:00,2748.58,2748.91,2733.95,2740.11,3410
2026-07-25 06:00:00,2740.11,2740.29,2736.17,2737.31,3776
2026-07-25 07:00:00,2737.31,2743.41,2729.44,2736.51,2120
2026-07-25 08:00:00,2736.51,2736.94,2722.02,2727.65,5178
2026-07-25 09:00:00,2727.65,2728.1,2721.07,2726.49,11534
2026-07-25 10:00:00,2726.49,2729.43,2717.85,2727.2,8390
2026-07-25 11:00:00,2727.2,2743.05,2714.13,2725.21,10340
2026-07-25 12:00:00,2725.21,2731.61,2712.86,2719.4,11272
2026-07-25 13:00:00,2719.4,2722.6,2719.12,2720.93,5632
2026-07-25 14:00:00,2720.93,2738.35,2710.8,2724.92,4138
2026-07-25 15:00:00,2724.92,2725.35,2712.11,2715.18,5790
2026-07-25 16:00:00,2715.18,2728.36,2714.98,2727.84,8747
2026-07-25 17:00:00,2727.84,2728.09,2719.61,2726.97,10197
2026-07-25 18:00:00,2726.97,2731.62,2726.64,2727.16,4338
2026-07-25 19:00:00,2727.16,2733.13,2726.92,2729.98,3579
2026-07-25 20:00:00,2729.98,2732.44,2728.36,2730.93,2444
2026-07-25 21:00:00,2730.93,2736.24,2730.45,2734.71,5462
2026-07-25 22:00:00,2734.71,2736.79,2728.81,2735.88,5701
2026-07-25 23:00:00,2735.88,2748.68,2722.22,2733.5,4029
2026-07-26 00:00:00,2733.5,2739.33,2733.38,2734.96,5801
2026-07-26 01:00:00,2734.96,2735.21,2729.25,2730.49,4818
2026-07-26 02:00:00,2730.49,2731.53,2729.3,2730.95,2334
2026-07-26 03:00:00,2730.95,2737.89,2726.62,2730.85,5250
2026-07-26 04:00:00,2730.85,2734.55,2729.66,2730.07,5684
2026-07-26 05:00:00,2730.07,2738.63,2729.28,2729.59,4887
2026-07-26 06:00:00,2729.59,2729.79,2713.99,2722.24,6491
2026-07-26 07:00:00,2722.24,2722.51,2712.71,2720.12,5738
2026-07-26 08:00:00,2720.12,2725.69,2716.17,2720.98,3753
2026-07-26 09:00:00,2720.98,2732.69,2720.49,2722.43,11074
2026-07-26 10:00:00,2722.43,2722.83,2708.12,2713.26,7814
2026-07-26 11:00:00,2713.26,2740.67,2713.08,2724.61,12773
2026-07-26 12:00:00,2724.61,2724.98,2713.25,2716.87,3361
2026-07-26 13:00:00,2716.87,2735.32,2716.48,2725.57,5968
2026-07-26 14:00:00,2725.57,2731.41,2725.3,2729.43,3711
2026-07-26 15:00:00,2729.43,2729.7,2713.55,2723.65,7392
2026-07-26 16:00:00,2723.65,2741.92,2723.25,2739.64,8958
2026-07-26 17:00:00,2739.64,2740.09,2725.22,2728.92,12130
2026-07-26 18:00:00,2728.92,2748.85,2716.57,2737.21,5752
2026-07-26 19:00:00,2737.21,2751.04,2730.72,2741.19,3627
2026-07-26 20:00:00,2741.19,2755.19,2733.49,2738.57,3391
2026-07-26 21:00:00,2738.57,2752.03,2734.57,2744.11,4207
2026-07-26 22:00:00,2744.11,2752.65,2742.12,2743.15,3241
2026-07-26 23:00:00,2743.15,2745.38,2736.81,2744.32,4173
2026-07-27 00:00:00,2744.32,2771.73,2741.35,2745.39,3313
2026-07-27 01:00:00,2745.39,2745.66,2736.16,2744.89,5827
2026-07-27 02:00:00,2744.89,2756.2,2741.39,2748.13,1659
2026-07-27 03:00:00,2748.13,2752.16,2745.82,2751.31,1843
2026-07-27 04:00:00,2751.31,2751.53,2743.35,2744.42,1704
2026-07-27 05:00:00,2744.42,2751.35,2744.03,2749.61,4542
2026-07-27 06:00:00,2749.61,2750.04,2740.1,2743.07,4385
2026-07-27 07:00:00,2743.07,2755.75,2739.38,2747.19,1804
2026-07-27 08:00:00,2747.19,2772.46,2746.76,2757.42,9277
2026-07-27 09:00:00,2757.42,2757.6,2743.12,2747.55,11970
2026-07-27 10:00:00,2747.55,2749.43,2735.51,2743.86,4177
2026-07-27 11:00:00,2743.86,2744.03,2726.51,2733.91,11044
2026-07-27 12:00:00,2733.91,2744.39,2730.18,2732.0,5467
2026-07-27 13:00:00,2732.0,2732.21,2725.57,2729.25,7271
2026-07-27 14:00:00,2729.25,2738.51,2729.02,2736.29,7911
2026-07-27 15:00:00,2736.29,2752.22,2736.15,2748.14,12762
2026-07-27 16:00:00,2748.14,2768.58,2747.96,2760.82,6509
2026-07-27 17:00:00,2760.82,2761.03,2748.9,2755.73,6259
2026-07-27 18:00:00,2755.73,2755.92,2750.63,2753.86,1730
2026-07-27 19:00:00,2753.86,2754.02,2743.82,2747.22,5282
2026-07-27 20:00:00,2747.22,2750.12,2739.05,2744.07,5000
2026-07-27 21:00:00,2744.07,2751.05,2740.91,2747.92,2382
2026-07-27 22:00:00,2747.92,2757.04,2747.59,2754.35,4273
2026-07-27 23:00:00,2754.35,2754.76,2738.48,2749.49,3831
2026-07-28 00:00:00,2749.49,2749.86,2743.0,2747.18,1932
2026-07-28 01:00:00,2747.18,2764.84,2739.56,2747.11,2708
2026-07-28 02:00:00,2747.11,2754.27,2746.68,2748.25,4180
2026-07-28 03:00:00,2748.25,2748.37,2740.85,2745.08,3763
2026-07-28 04:00:00,2745.08,2750.33,2742.09,2746.8,4502
2026-07-28 05:00:00,2746.8,2749.31,2742.52,2744.95,3912
2026-07-28 06:00:00,2744.95,2752.33,2739.04,2744.93,3317
2026-07-28 07:00:00,2744.93,2752.15,2744.6,2747.13,2117
2026-07-28 08:00:00,2747.13,2762.01,2736.25,2747.2,13182
2026-07-28 09:00:00,2747.2,2747.55,2739.82,2743.28,8811
2026-07-28 10:00:00,2743.28,2746.23,2740.41,2742.31,3997
2026-07-28 11:00:00,2742.31,2745.01,2738.76,2741.54,4303
2026-07-28 12:00:00,2741.54,2761.89,2737.47,2738.22,4400
2026-07-28 13:00:00,2738.22,2745.47,2735.43,2735.91,13019
2026-07-28 14:00:00,2735.91,2750.82,2735.5,2750.37,8393
2026-07-28 15:00:00,2750.37,2757.9,2750.18,2755.47,11822
2026-07-28 16:00:00,2755.47,2762.02,2751.44,2752.82,14240
2026-07-28 17:00:00,2752.82,2760.22,2752.59,2759.16,13802
2026-07-28 18:00:00,2759.16,2762.24,2752.13,2756.15,2503
2026-07-28 19:00:00,2756.15,2765.08,2755.99,2760.85,5750
2026-07-28 20:00:00,2760.85,2763.21,2760.62,2762.35,5696
2026-07-28 21:00:00,2762.35,2762.93,2761.2,2761.96,2566
2026-07-28 22:00:00,2761.96,2769.97,2759.94,2763.77,6216
2026-07-28 23:00:00,2763.77,2773.25,2753.89,2757.56,3128
2026-07-29 00:00:00,2757.56,2757.7,2751.27,2753.12,4734
2026-07-29 01:00:00,2753.12,2757.08,2729.73,2748.43,3781
2026-07-29 02:00:00,2748.43,2750.52,2743.39,2749.03,5998
2026-07-29 03:00:00,2749.03,2769.61,2748.59,2755.93,3898
2026-07-29 04:00:00,2755.93,2770.5,2755.79,2764.83,4738
2026-07-29 05:00:00,2764.83,2772.68,2764.61,2767.41,5854
2026-07-29 06:00:00,2767.41,2770.12,2767.18,2769.44,5169
2026-07-29 07:00:00,2769.44,2769.7,2761.41,2762.3,6215
2026-07-29 08:00:00,2762.3,2762.43,2752.87,2757.39,6523
2026-07-29 09:00:00,2757.39,2757.71,2748.56,2750.27,7614
2026-07-29 10:00:00,2750.27,2750.63,2744.15,2744.67,5225
2026-07-29 11:00:00,2744.67,2754.41,2736.94,2743.18,12251
2026-07-29 12:00:00,2743.18,2743.34,2736.76,2738.94,11882
2026-07-29 13:00:00,2738.94,2739.29,2720.31,2721.17,4492
2026-07-29 14:00:00,2721.17,2732.1,2720.8,2727.9,11035
2026-07-29 15:00:00,2727.9,2728.06,2717.4,2718.31,11803
2026-07-29 16:00:00,2718.31,2724.84,2717.92,2720.47,13305
2026-07-29 17:00:00,2720.47,2742.55,2720.26,2739.13,13197
2026-07-29 18:00:00,2739.13,2739.26,2727.68,2730.87,2518
2026-07-29 19:00:00,2730.87,2748.02,2711.66,2720.97,2928
2026-07-29 20:00:00,2720.97,2725.33,2707.83,2719.89,6478
2026-07-29 21:00:00,2719.89,2727.88,2719.56,2724.23,2074
2026-07-29 22:00:00,2724.23,2739.48,2723.95,2731.96,2958
2026-07-29 23:00:00,2731.96,2732.21,2726.22,2727.16,2999
2026-07-30 00:00:00,2727.16,2732.66,2726.79,2729.15,2991
2026-07-30 01:00:00,2729.15,2733.56,2709.48,2727.35,4672
2026-07-30 02:00:00,2727.35,2734.55,2715.53,2726.97,3970
2026-07-30 03:00:00,2726.97,2741.02,2726.79,2737.41,4927
2026-07-30 04:00:00,2737.41,2737.58,2729.74,2731.52,4015
2026-07-30 05:00:00,2731.52,2736.68,2721.04,2732.55,5051
2026-07-30 06:00:00,2732.55,2739.27,2725.41,2734.43,5706
2026-07-30 07:00:00,2734.43,2742.06,2726.0,2738.74,3700
2026-07-30 08:00:00,2738.74,2742.75,2731.05,2739.64,9820
2026-07-30 09:00:00,2739.64,2747.09,2739.46,2742.45,10588
2026-07-30 10:00:00,2742.45,2751.16,2733.6,2738.93,9739
2026-07-30 11:00:00,2738.93,2749.15,2738.43,2741.38,4798
2026-07-30 12:00:00,2741.38,2749.25,2735.3,2738.31,14000
2026-07-30 13:00:00,2738.31,2754.08,2737.93,2743.94,3911
2026-07-30 14:00:00,2743.94,2750.27,2733.65,2740.62,13107
2026-07-30 15:00:00,2740.62,2747.61,2740.4,2744.05,6925
2026-07-30 16:00:00,2744.05,2747.48,2741.33,2743.81,13631
2026-07-30 17:00:00,2743.81,2756.01,2743.44,2754.02,5847
2026-07-30 18:00:00,2754.02,2760.78,2750.44,2753.57,3841
2026-07-30 19:00:00,2753.57,2755.89,2741.01,2746.58,3018
2026-07-30 20:00:00,2746.58,2765.74,2742.88,2751.61,3338
2026-07-30 21:00:00,2751.61,2753.46,2741.3,2748.06,2370
2026-07-30 22:00:00,2748.06,2754.56,2733.39,2745.51,4777
2026-07-30 23:00:00,2745.51,2745.85,2736.45,2743.19,2841
2026-07-31 00:00:00,2743.19,2759.5,2736.39,2748.66,3806
2026-07-31 01:00:00,2748.66,2748.96,2738.58,2740.25,2671
2026-07-31 02:00:00,2740.25,2754.03,2739.84,2752.69,5572
2026-07-31 03:00:00,2752.69,2761.59,2747.16,2756.92,2628
2026-07-31 04:00:00,2756.92,2760.31,2754.83,2757.84,5127
2026-07-31 05:00:00,2757.84,2759.94,2756.46,2757.65,5499
2026-07-31 06:00:00,2757.65,2765.17,2746.91,2758.82,5387
2026-07-31 07:00:00,2758.82,2770.33,2758.52,2760.92,2784
2026-07-31 08:00:00,2760.92,2768.82,2760.77,2766.82,4554
2026-07-31 09:00:00,2766.82,2776.46,2766.46,2771.9,9600
2026-07-31 10:00:00,2771.9,2775.18,2767.67,2772.74,12064
2026-07-31 11:00:00,2772.74,2797.95,2763.75,2770.96,10210
2026-07-31 12:00:00,2770.96,2775.27,2765.57,2769.61,7649
2026-07-31 13:00:00,2769.61,2786.46,2752.71,2767.85,4281
2026-07-31 14:00:00,2767.85,2784.95,2767.47,2778.22,14031
2026-07-31 15:00:00,2778.22,2785.92,2777.74,2783.68,6116
2026-07-31 16:00:00,2783.68,2783.86,2756.19,2756.88,4699
2026-07-31 17:00:00,2756.88,2763.49,2756.55,2762.87,9840
2026-07-31 18:00:00,2762.87,2777.36,2752.78,2764.66,6126
2026-07-31 19:00:00,2764.66,2764.81,2762.44,2764.62,1618
2026-07-31 20:00:00,2764.62,2773.82,2753.27,2763.11,5661
2026-07-31 21:00:00,2763.11,2770.5,2762.7,2767.62,3792
2026-07-31 22:00:00,2767.62,2774.74,2756.73,2771.43,3604
2026-07-31 23:00:00,2771.43,2773.52,2764.36,2768.38,2567
2026-08-01 00:00:00,2768.38,2776.48,2762.88,2770.04,1923
2026-08-01 01:00:00,2770.04,2770.23,2763.75,2766.2,5319
2026-08-01 02:00:00,2766.2,2766.34,2758.46,2760.74,5990
2026-08-01 03:00:00,2760.74,2765.96,2750.02,2758.28,2780
2026-08-01 04:00:00,2758.28,2768.13,2755.17,2761.74,3319
2026-08-01 05:00:00,2761.74,2773.58,2758.66,2765.57,4932
2026-08-01 06:00:00,2765.57,2781.89,2765.23,2767.65,2262
2026-08-01 07:00:00,2767.65,2774.57,2767.53,2770.57,3129
2026-08-01 08:00:00,2770.57,2776.35,2767.83,2775.31,4272
2026-08-01 09:00:00,2775.31,2775.55,2768.14,2769.48,9930
2026-08-01 10:00:00,2769.48,2784.89,2764.8,2773.44,8978
2026-08-01 11:00:00,2773.44,2793.25,2772.94,2780.78,6593
2026-08-01 12:00:00,2780.78,2793.6,2771.06,2787.71,12654
2026-08-01 13:00:00,2787.71,2801.41,2787.28,2798.66,3493
2026-08-01 14:00:00,2798.66,2806.47,2797.25,2805.22,8247
2026-08-01 15:00:00,2805.22,2820.34,2804.86,2808.49,5453
2026-08-01 16:00:00,2808.49,2837.44,2808.11,2818.42,4314
2026-08-01 17:00:00,2818.42,2821.4,2817.59,2818.2,11114
2026-08-01 18:00:00,2818.2,2818.54,2806.21,2810.05,4256
2026-08-01 19:00:00,2810.05,2813.4,2808.41,2809.42,5128
2026-08-01 20:00:00,2809.42,2809.9,2800.19,2806.45,4001
2026-08-01 21:00:00,2806.45,2812.7,2795.29,2803.75,1879
2026-08-01 22:00:00,2803.75,2807.77,2799.58,2803.2,5996
2026-08-01 23:00:00,2803.2,2806.2,2796.23,2800.04,6146
2026-08-02 00:00:00,2800.04,2801.55,2795.63,2798.83,4483
2026-08-02 01:00:00,2798.83,2803.91,2777.88,2791.25,4560
2026-08-02 02:00:00,2791.25,2796.26,2779.26,2792.14,4450
2026-08-02 03:00:00,2792.14,2793.75,2787.61,2792.18,6040
2026-08-02 04:00:00,2792.18,2792.41,2787.77,2788.93,5230
2026-08-02 05:00:00,2788.93,2795.59,2788.13,2791.61,5924
2026-08-02 06:00:00,2791.61,2811.87,2790.27,2795.42,3431
2026-08-02 07:00:00,2795.42,2795.78,2788.18,2788.98,4921
2026-08-02 08:00:00,2788.98,2789.43,2779.96,2782.01,7678
2026-08-02 09:00:00,2782.01,2782.2,2771.59,2775.0,14003
2026-08-02 10:00:00,2775.0,2775.29,2763.3,2766.45,11783
2026-08-02 11:00:00,2766.45,2778.08,2766.03,2774.03,6560
2026-08-02 12:00:00,2774.03,2776.29,2770.78,2772.29,8899
2026-08-02 13:00:00,2772.29,2775.93,2754.88,2769.9,12584
2026-08-02 14:00:00,2769.9,2770.22,2743.44,2751.71,12757
2026-08-02 15:00:00,2751.71,2759.56,2751.51,2757.49,9493
2026-08-02 16:00:00,2757.49,2757.8,2745.09,2746.28,4712
2026-08-02 17:00:00,2746.28,2749.06,2743.97,2746.85,13607
2026-08-02 18:00:00,2746.85,2751.08,2746.52,2749.38,5418
2026-08-02 19:00:00,2749.38,2756.79,2748.15,2754.81,3086
2026-08-02 20:00:00,2754.81,2755.15,2746.38,2749.65,3909
2026-08-02 21:00:00,2749.65,2749.91,2731.42,2737.75,5349
2026-08-02 22:00:00,2737.75,2743.31,2735.09,2738.51,1554
2026-08-02 23:00:00,2738.51,2754.2,2729.39,2745.66,2341
2026-08-03 00:00:00,2745.66,2751.52,2738.69,2750.59,6087
2026-08-03 01:00:00,2750.59,2759.73,2744.62,2751.46,2484
2026-08-03 02:00:00,2751.46,2752.88,2746.38,2749.54,4120
2026-08-03 03:00:00,2749.54,2753.33,2748.31,2752.77,4406
2026-08-03 04:00:00,2752.77,2764.35,2741.43,2748.95,3494
2026-08-03 05:00:00,2748.95,2760.87,2747.51,2750.87,3432
2026-08-03 06:00:00,2750.87,2754.32,2739.49,2752.91,3772
2026-08-03 07:00:00,2752.91,2759.65,2752.66,2757.15,1602
2026-08-03 08:00:00,2757.15,2792.26,2756.89,2782.33,5431
2026-08-03 09:00:00,2782.33,2790.82,2781.92,2785.95,5656
2026-08-03 10:00:00,2785.95,2786.27,2780.54,2781.31,4919
2026-08-03 11:00:00,2781.31,2781.65,2776.29,2781.09,6303
2026-08-03 12:00:00,2781.09,2781.41,2764.63,2764.97,11286
2026-08-03 13:00:00,2764.97,2765.43,2757.0,2758.67,3799
2026-08-03 14:00:00,2758.67,2770.02,2745.56,2754.98,11154
2026-08-03 15:00:00,2754.98,2755.37,2749.47,2750.25,4276
2026-08-03 16:00:00,2750.25,2754.79,2748.26,2751.65,6861
2026-08-03 17:00:00,2751.65,2758.98,2735.0,2744.24,13624
2026-08-03 18:00:00,2744.24,2760.54,2743.75,2754.4,3704
2026-08-03 19:00:00,2754.4,2761.23,2753.94,2754.44,4203
2026-08-03 20:00:00,2754.44,2755.0,2753.57,2754.43,4550
2026-08-03 21:00:00,2754.43,2755.6,2742.78,2753.17,5002
2026-08-03 22:00:00,2753.17,2757.38,2749.08,2753.82,5126
2026-08-03 23:00:00,2753.82,2777.34,2753.58,2757.12,2681
2026-08-04 00:00:00,2757.12,2763.89,2752.33,2753.72,4756
2026-08-04 01:00:00,2753.72,2757.56,2740.51,2751.14,2297
2026-08-04 02:00:00,2751.14,2753.6,2748.77,2749.97,2334
2026-08-04 03:00:00,2749.97,2750.38,2741.8,2744.68,4499
2026-08-04 04:00:00,2744.68,2744.98,2741.1,2741.48,3532
2026-08-04 05:00:00,2741.48,2742.76,2732.12,2739.63,5952
2026-08-04 06:00:00,2739.63,2743.46,2739.36,2743.12,4264
2026-08-04 07:00:00,2743.12,2751.77,2743.0,2744.19,3909
2026-08-04 08:00:00,2744.19,2749.29,2743.75,2745.96,11404
2026-08-04 09:00:00,2745.96,2764.15,2745.66,2753.68,10505
2026-08-04 10:00:00,2753.68,2756.86,2748.06,2752.46,3315
2026-08-04 11:00:00,2752.46,2758.06,2752.12,2756.02,8841
2026-08-04 12:00:00,2756.02,2764.61,2750.72,2755.11,8181
2026-08-04 13:00:00,2755.11,2758.83,2752.35,2757.53,11822
2026-08-04 14:00:00,2757.53,2765.41,2741.59,2752.27,11501
2026-08-04 15:00:00,2752.27,2752.43,2726.98,2730.29,10623
2026-08-04 16:00:00,2730.29,2735.43,2724.41,2729.1,10716
2026-08-04 17:00:00,2729.1,2744.31,2728.8,2741.93,4648
2026-08-04 18:00:00,2741.93,2757.02,2741.7,2750.33,2188
2026-08-04 19:00:00,2750.33,2758.16,2749.94,2754.19,2397
2026-08-04 20:00:00,2754.19,2760.95,2753.81,2759.13,1609
2026-08-04 21:00:00,2759.13,2763.4,2752.34,2759.51,6305
2026-08-04 22:00:00,2759.51,2760.99,2757.05,2760.33,4512
2026-08-04 23:00:00,2760.33,2769.3,2745.61,2757.91,4418
2026-08-05 00:00:00,2757.91,2760.52,2752.41,2756.69,2660
2026-08-05 01:00:00,2756.69,2770.38,2756.52,2759.17,5481
2026-08-05 02:00:00,2759.17,2776.04,2758.8,2763.99,5110
2026-08-05 03:00:00,2763.99,2764.52,2762.68,2763.47,6244
2026-08-05 04:00:00,2763.47,2766.0,2758.46,2761.71,3503
2026-08-05 05:00:00,2761.71,2779.15,2756.64,2761.75,3027
2026-08-05 06:00:00,2761.75,2773.71,2761.28,2764.17,3413
2026-08-05 07:00:00,2764.17,2764.3,2753.64,2758.47,5841
2026-08-05 08:00:00,2758.47,2758.85,2730.56,2737.72,10298
2026-08-05 09:00:00,2737.72,2744.14,2729.4,2732.78,14064
2026-08-05 10:00:00,2732.78,2732.92,2719.64,2721.84,10661
2026-08-05 11:00:00,2721.84,2722.07,2714.33,2717.31,9598
2026-08-05 12:00:00,2717.31,2720.06,2709.82,2716.01,13442
2026-08-05 13:00:00,2716.01,2719.57,2705.55,2711.99,4411
2026-08-05 14:00:00,2711.99,2731.69,2711.8,2725.01,12650
2026-08-05 15:00:00,2725.01,2732.57,2723.7,2727.96,7713
2026-08-05 16:00:00,2727.96,2737.28,2727.44,2730.68,12553
2026-08-05 17:00:00,2730.68,2740.62,2730.21,2736.3,9581
2026-08-05 18:00:00,2736.3,2736.55,2702.31,2726.08,5464
2026-08-05 19:00:00,2726.08,2733.64,2725.73,2730.2,3174
2026-08-05 20:00:00,2730.2,2742.65,2714.16,2729.93,2690
2026-08-05 21:00:00,2729.93,2736.95,2724.14,2732.6,3892
2026-08-05 22:00:00,2732.6,2732.75,2721.27,2728.42,3421
2026-08-05 23:00:00,2728.42,2730.43,2717.56,2722.36,5889
2026-08-06 00:00:00,2722.36,2730.22,2722.14,2725.6,4192
2026-08-06 01:00:00,2725.6,2738.67,2725.21,2727.11,5933
2026-08-06 02:00:00,2727.11,2727.33,2720.87,2723.6,3327
2026-08-06 03:00:00,2723.6,2723.95,2714.23,2720.23,3999
2026-08-06 04:00:00,2720.23,2727.22,2717.56,2724.67,2216
2026-08-06 05:00:00,2724.67,2725.11,2709.82,2720.04,2130
2026-08-06 06:00:00,2720.04,2729.44,2719.79,2726.52,6360
2026-08-06 07:00:00,2726.52,2727.09,2720.71,2723.02,1584
2026-08-06 08:00:00,2723.02,2730.65,2722.71,2728.77,11589
2026-08-06 09:00:00,2728.77,2737.17,2720.97,2725.84,4919
2026-08-06 10:00:00,2725.84,2741.17,2723.85,2731.28,9255
2026-08-06 11:00:00,2731.28,2731.76,2723.97,2726.41,3797
2026-08-06 12:00:00,2726.41,2736.2,2717.29,2724.97,10685
2026-08-06 13:00:00,2724.97,2733.2,2721.68,2725.36,6175
2026-08-06 14:00:00,2725.36,2725.7,2705.08,2716.41,12548
2026-08-06 15:00:00,2716.41,2737.16,2708.78,2723.06,12606
2026-08-06 16:00:00,2723.06,2723.32,2716.34,2718.48,12949
2026-08-06 17:00:00,2718.48,2718.63,2708.74,2716.46,12007
2026-08-06 18:00:00,2716.46,2716.8,2706.26,2707.6,3152
2026-08-06 19:00:00,2707.6,2708.09,2684.86,2697.66,3367
2026-08-06 20:00:00,2697.66,2698.4,2694.09,2696.95,1526
2026-08-06 21:00:00,2696.95,2709.05,2696.51,2706.37,6149
2026-08-06 22:00:00,2706.37,2712.4,2706.07,2709.47,2432
2026-08-06 23:00:00,2709.47,2719.21,2707.11,2709.43,4958
2026-08-07 00:00:00,2709.43,2712.48,2700.35,2708.43,1966
2026-08-07 01:00:00,2708.43,2710.55,2701.0,2708.55,4200
2026-08-07 02:00:00,2708.55,2716.63,2705.27,2710.72,2998
2026-08-07 03:00:00,2710.72,2710.87,2697.19,2706.15,2117
2026-08-07 04:00:00,2706.15,2713.43,2705.99,2710.53,5277
2026-08-07 05:00:00,2710.53,2716.63,2707.72,2713.36,6053
2026-08-07 06:00:00,2713.36,2716.52,2712.8,2716.2,4187
2026-08-07 07:00:00,2716.2,2728.31,2710.98,2717.95,3004
2026-08-07 08:00:00,2717.95,2721.11,2716.48,2718.14,12027
2026-08-07 09:00:00,2718.14,2728.62,2712.48,2724.19,3693
2026-08-07 10:00:00,2724.19,2745.45,2723.79,2729.52,8987
2026-08-07 11:00:00,2729.52,2738.18,2720.72,2726.37,7851
2026-08-07 12:00:00,2726.37,2726.6,2720.27,2721.24,13987
2026-08-07 13:00:00,2721.24,2730.3,2714.78,2722.18,5326
2026-08-07 14:00:00,2722.18,2737.03,2721.75,2736.12,10102
2026-08-07 15:00:00,2736.12,2736.6,2721.35,2725.0,13948
2026-08-07 16:00:00,2725.0,2725.43,2711.3,2711.89,6622
2026-08-07 17:00:00,2711.89,2719.66,2711.46,2713.38,11217
2026-08-07 18:00:00,2713.38,2734.76,2706.39,2713.86,4776
2026-08-07 19:00:00,2713.86,2715.92,2712.49,2714.57,4219
2026-08-07 20:00:00,2714.57,2719.64,2705.65,2715.55,6232
2026-08-07 21:00:00,2715.55,2717.4,2712.94,2714.71,2523
2026-08-07 22:00:00,2714.71,2724.74,2711.85,2720.58,1651
2026-08-07 23:00:00,2720.58,2728.96,2706.13,2714.35,1512
2026-08-08 00:00:00,2714.35,2720.16,2711.0,2711.14,2214
2026-08-08 01:00:00,2711.14,2711.78,2710.11,2710.77,4650
2026-08-08 02:00:00,2710.77,2711.21,2692.59,2704.4,5125
2026-08-08 03:00:00,2704.4,2712.18,2702.14,2703.75,1748
2026-08-08 04:00:00,2703.75,2711.97,2703.29,2710.26,2644
2026-08-08 05:00:00,2710.26,2723.01,2702.34,2710.37,5982
2026-08-08 06:00:00,2710.37,2712.96,2704.94,2711.3,6034
2026-08-08 07:00:00,2711.3,2719.1,2698.08,2706.42,4843
2026-08-08 08:00:00,2706.42,2706.79,2683.74,2700.96,4884
2026-08-08 09:00:00,2700.96,2705.8,2693.83,2697.64,13349
2026-08-08 10:00:00,2697.64,2703.5,2693.81,2694.85,10403
2026-08-08 11:00:00,2694.85,2708.04,2688.61,2706.26,5513
2026-08-08 12:00:00,2706.26,2713.84,2705.94,2711.25,13701
2026-08-08 13:00:00,2711.25,2711.47,2699.41,2701.37,10555
2026-08-08 14:00:00,2701.37,2708.72,2701.19,2703.59,8729
2026-08-08 15:00:00,2703.59,2717.16,2702.89,2708.05,12361
2026-08-08 16:00:00,2708.05,2722.17,2707.68,2718.25,11688
2026-08-08 17:00:00,2718.25,2737.5,2718.05,2732.45,4481
2026-08-08 18:00:00,2732.45,2742.28,2722.84,2723.36,4324
2026-08-08 19:00:00,2723.36,2731.17,2706.96,2720.21,4185
2026-08-08 20:00:00,2720.21,2720.66,2710.83,2715.32,3480
2026-08-08 21:00:00,2715.32,2715.7,2712.23,2714.44,2039
2026-08-08 22:00:00,2714.44,2720.24,2709.21,2716.3,5384
2026-08-08 23:00:00,2716.3,2725.09,2706.07,2720.2,5553
2026-08-09 00:00:00,2720.2,2725.2,2713.85,2719.93,4699
2026-08-09 01:00:00,2719.93,2722.86,2708.21,2718.71,6016
2026-08-09 02:00:00,2718.71,2726.25,2715.33,2719.34,1983
2026-08-09 03:00:00,2719.34,2719.63,2709.13,2716.1,2528
2026-08-09 04:00:00,2716.1,2726.45,2711.99,2724.32,1551
2026-08-09 05:00:00,2724.32,2724.78,2708.45,2718.06,1742
2026-08-09 06:00:00,2718.06,2719.25,2717.03,2718.81,3186
2026-08-09 07:00:00,2718.81,2729.54,2718.54,2726.78,4321
2026-08-09 08:00:00,2726.78,2739.71,2700.39,2726.86,7348
2026-08-09 09:00:00,2726.86,2728.78,2723.88,2725.18,4232
2026-08-09 10:00:00,2725.18,2725.32,2720.01,2722.0,7979
2026-08-09 11:00:00,2722.0,2722.37,2718.95,2720.4,4826
2026-08-09 12:00:00,2720.4,2739.67,2719.91,2732.74,4076
2026-08-09 13:00:00,2732.74,2733.05,2709.01,2712.94,11418
2026-08-09 14:00:00,2712.94,2739.17,2712.67,2726.69,7015
2026-08-09 15:00:00,2726.69,2726.89,2707.81,2713.96,3942
2026-08-09 16:00:00,2713.96,2717.47,2707.45,2711.6,4875
2026-08-09 17:00:00,2711.6,2717.64,2699.09,2707.79,13472
2026-08-09 18:00:00,2707.79,2720.14,2704.06,2713.07,6075
2026-08-09 19:00:00,2713.07,2713.27,2700.59,2706.86,6072
2026-08-09 20:00:00,2706.86,2709.84,2703.72,2708.7,5620
2026-08-09 21:00:00,2708.7,2726.52,2708.55,2716.64,3978
2026-08-09 22:00:00,2716.64,2716.83,2709.57,2711.34,3864
2026-08-09 23:00:00,2711.34,2719.46,2711.09,2712.12,2137
2026-08-10 00:00:00,2712.12,2712.39,2700.93,2709.57,3905
2026-08-10 01:00:00,2709.57,2717.34,2709.22,2711.26,2799
2026-08-10 02:00:00,2711.26,2719.77,2706.59,2711.37,5448
2026-08-10 03:00:00,2711.37,2713.12,2708.4,2708.9,2189
2026-08-10 04:00:00,2708.9,2718.82,2708.58,2710.84,5939
2026-08-10 05:00:00,2710.84,2720.63,2701.64,2717.92,4106
2026-08-10 06:00:00,2717.92,2724.04,2711.29,2717.21,2211
2026-08-10 07:00:00,2717.21,2723.5,2707.86,2720.06,4110
2026-08-10 08:00:00,2720.06,2720.54,2704.24,2708.52,4263
2026-08-10 09:00:00,2708.52,2709.0,2698.02,2700.03,11072
2026-08-10 10:00:00,2700.03,2708.76,2692.62,2704.25,11831
2026-08-10 11:00:00,2704.25,2722.7,2703.81,2717.52,10650
2026-08-10 12:00:00,2717.52,2721.38,2716.1,2720.72,10102
2026-08-10 13:00:00,2720.72,2723.73,2707.57,2717.94,12623
2026-08-10 14:00:00,2717.94,2732.35,2713.97,2717.96,7222
2026-08-10 15:00:00,2717.96,2718.11,2699.74,2706.81,5207
2026-08-10 16:00:00,2706.81,2720.59,2706.4,2712.23,6573
2026-08-10 17:00:00,2712.23,2737.19,2711.74,2720.14,4327
2026-08-10 18:00:00,2720.14,2720.36,2714.11,2716.11,6472
2026-08-10 19:00:00,2716.11,2718.13,2711.48,2714.31,5421
2026-08-10 20:00:00,2714.31,2724.68,2713.5,2715.38,2917
2026-08-10 21:00:00,2715.38,2718.05,2709.92,2713.71,3276
2026-08-10 22:00:00,2713.71,2717.38,2697.52,2713.48,2581
2026-08-10 23:00:00,2713.48,2722.11,2713.21,2721.73,6436
2026-08-11 00:00:00,2721.73,2732.56,2701.61,2720.8,4425
2026-08-11 01:00:00,2720.8,2722.06,2716.43,2719.43,5584
2026-08-11 02:00:00,2719.43,2720.12,2712.24,2716.93,5561
2026-08-11 03:00:00,2716.93,2724.7,2715.65,2719.87,2511
2026-08-11 04:00:00,2719.87,2726.5,2716.27,2719.2,2313
2026-08-11 05:00:00,2719.2,2719.3,2714.99,2716.69,5446
2026-08-11 06:00:00,2716.69,2723.54,2716.45,2721.89,3816
2026-08-11 07:00:00,2721.89,2730.83,2721.51,2727.5,3643
2026-08-11 08:00:00,2727.5,2727.74,2719.16,2722.13,3898
2026-08-11 09:00:00,2722.13,2722.61,2704.93,2705.48,11316
2026-08-11 10:00:00,2705.48,2715.54,2705.2,2714.49,7075
2026-08-11 11:00:00,2714.49,2714.91,2706.64,2708.4,9845
2026-08-11 12:00:00,2708.4,2720.36,2708.03,2715.48,12320
2026-08-11 13:00:00,2715.48,2715.84,2695.47,2697.95,4083
2026-08-11 14:00:00,2697.95,2713.98,2697.66,2705.91,3746
2026-08-11 15:00:00,2705.91,2706.15,2692.39,2695.16,11539
2026-08-11 16:00:00,2695.16,2703.05,2694.87,2701.67,6811
2026-08-11 17:00:00,2701.67,2703.03,2691.38,2701.82,4391
2026-08-11 18:00:00,2701.82,2702.25,2688.51,2693.37,6297
2026-08-11 19:00:00,2693.37,2693.85,2688.59,2691.83,6432
2026-08-11 20:00:00,2691.83,2699.54,2687.58,2694.52,1562
2026-08-11 21:00:00,2694.52,2696.62,2693.92,2694.96,3079
2026-08-11 22:00:00,2694.96,2703.07,2683.22,2697.27,5834
2026-08-11 23:00:00,2697.27,2712.27,2696.84,2704.99,2039
2026-08-12 00:00:00,2704.99,2705.29,2698.06,2698.93,5793
2026-08-12 01:00:00,2698.93,2707.84,2698.18,2705.26,6376
2026-08-12 02:00:00,2705.26,2706.47,2700.06,2705.7,5625
2026-08-12 03:00:00,2705.7,2705.9,2700.16,2702.23,4213
2026-08-12 04:00:00,2702.23,2720.21,2689.88,2697.09,2580
2026-08-12 05:00:00,2697.09,2703.86,2683.46,2696.39,3355
2026-08-12 06:00:00,2696.39,2702.74,2695.24,2700.01,5004
2026-08-12 07:00:00,2700.01,2707.91,2698.19,2699.54,4879
2026-08-12 08:00:00,2699.54,2722.36,2699.14,2713.03,6815
2026-08-12 09:00:00,2713.03,2713.42,2697.4,2700.12,6881
2026-08-12 10:00:00,2700.12,2708.94,2698.21,2700.03,10291
2026-08-12 11:00:00,2700.03,2700.4,2681.14,2688.95,9123
2026-08-12 12:00:00,2688.95,2695.76,2675.85,2692.19,10718
2026-08-12 13:00:00,2692.19,2707.03,2691.69,2700.08,5651
2026-08-12 14:00:00,2700.08,2700.2,2693.55,2696.36,9407
2026-08-12 15:00:00,2696.36,2696.7,2670.83,2673.37,5922
2026-08-12 16:00:00,2673.37,2679.99,2666.92,2675.14,5088
2026-08-12 17:00:00,2675.14,2697.2,2670.83,2679.01,5834
2026-08-12 18:00:00,2679.01,2686.42,2678.55,2682.6,4255
2026-08-12 19:00:00,2682.6,2696.52,2676.56,2687.41,3383
2026-08-12 20:00:00,2687.41,2687.67,2678.61,2683.3,1767
2026-08-12 21:00:00,2683.3,2694.24,2681.22,2685.96,5171
2026-08-12 22:00:00,2685.96,2692.32,2684.26,2690.61,4312
2026-08-12 23:00:00,2690.61,2690.88,2678.39,2683.76,6180
2026-08-13 00:00:00,2683.76,2692.87,2683.58,2685.03,5585
2026-08-13 01:00:00,2685.03,2687.99,2681.25,2683.11,1883
2026-08-13 02:00:00,2683.11,2685.82,2676.8,2682.83,5456
2026-08-13 03:00:00,2682.83,2695.28,2682.03,2684.21,4350
2026-08-13 04:00:00,2684.21,2684.58,2676.62,2682.36,6025
2026-08-13 05:00:00,2682.36,2683.34,2677.08,2679.78,4911
2026-08-13 06:00:00,2679.78,2681.91,2674.08,2679.95,2549
2026-08-13 07:00:00,2679.95,2685.3,2672.45,2675.79,3333
2026-08-13 08:00:00,2675.79,2678.01,2665.83,2666.26,5053
2026-08-13 09:00:00,2666.26,2683.07,2665.9,2672.25,13127
2026-08-13 10:00:00,2672.25,2672.69,2658.64,2662.18,9845
2026-08-13 11:00:00,2662.18,2672.35,2658.17,2668.05,6138
2026-08-13 12:00:00,2668.05,2672.43,2667.95,2672.14,8111
2026-08-13 13:00:00,2672.14,2672.6,2653.27,2657.02,3445
2026-08-13 14:00:00,2657.02,2657.46,2650.03,2651.12,6362
2026-08-13 15:00:00,2651.12,2672.47,2650.17,2661.58,12080
2026-08-13 16:00:00,2661.58,2669.0,2650.02,2653.02,9946
2026-08-13 17:00:00,2653.02,2653.28,2647.35,2648.99,7042
2026-08-13 18:00:00,2648.99,2660.96,2641.67,2653.04,2078
2026-08-13 19:00:00,2653.04,2659.56,2652.77,2656.07,3105
2026-08-13 20:00:00,2656.07,2657.62,2653.49,2655.14,5543
2026-08-13 21:00:00,2655.14,2655.3,2649.71,2652.89,3478
2026-08-13 22:00:00,2652.89,2661.13,2649.8,2658.36,6005
2026-08-13 23:00:00,2658.36,2672.27,2658.23,2665.06,4380
2026-08-14 00:00:00,2665.06,2670.3,2662.77,2668.85,4170
2026-08-14 01:00:00,2668.85,2680.9,2658.09,2669.21,5216
2026-08-14 02:00:00,2669.21,2672.85,2663.32,2666.14,6435
2026-08-14 03:00:00,2666.14,2669.46,2656.92,2662.99,5784
2026-08-14 04:00:00,2662.99,2668.7,2659.85,2665.02,5872
2026-08-14 05:00:00,2665.02,2678.56,2654.36,2666.66,3654
2026-08-14 06:00:00,2666.66,2672.98,2666.31,2672.08,4304
2026-08-14 07:00:00,2672.08,2679.82,2667.39,2674.62,3720
2026-08-14 08:00:00,2674.62,2675.09,2652.91,2661.44,12075
2026-08-14 09:00:00,2661.44,2678.95,2661.21,2670.69,5495
2026-08-14 10:00:00,2670.69,2670.92,2661.67,2661.95,4886
2026-08-14 11:00:00,2661.95,2662.95,2655.01,2658.61,5970
2026-08-14 12:00:00,2658.61,2664.17,2655.28,2660.82,7024
2026-08-14 13:00:00,2660.82,2678.78,2660.59,2678.38,10766
2026-08-14 14:00:00,2678.38,2706.3,2678.08,2705.96,12155
2026-08-14 15:00:00,2705.96,2718.52,2704.14,2711.39,11173
2026-08-14 16:00:00,2711.39,2728.75,2708.96,2709.78,9466
2026-08-14 17:00:00,2709.78,2716.6,2709.55,2714.57,8206
2026-08-14 18:00:00,2714.57,2725.31,2714.15,2722.54,6312
2026-08-14 19:00:00,2722.54,2727.19,2711.34,2721.31,1958
2026-08-14 20:00:00,2721.31,2732.08,2720.82,2728.39,3201
2026-08-14 21:00:00,2728.39,2731.31,2720.91,2729.33,2126
2026-08-14 22:00:00,2729.33,2757.5,2728.86,2731.32,3956
2026-08-14 23:00:00,2731.32,2740.98,2728.51,2733.97,1706
2026-08-15 00:00:00,2733.97,2740.11,2731.73,2735.67,4816
2026-08-15 01:00:00,2735.67,2743.04,2732.72,2739.01,2856
2026-08-15 02:00:00,2739.01,2739.23,2736.14,2736.61,6268
2026-08-15 03:00:00,2736.61,2736.87,2733.66,2734.44,5096
2026-08-15 04:00:00,2734.44,2734.61,2727.72,2730.15,3439
2026-08-15 05:00:00,2730.15,2741.65,2716.55,2731.91,4295
2026-08-15 06:00:00,2731.91,2742.7,2727.66,2735.01,5868
2026-08-15 07:00:00,2735.01,2741.38,2723.4,2736.84,4173
2026-08-15 08:00:00,2736.84,2755.53,2736.4,2751.99,5607
2026-08-15 09:00:00,2751.99,2753.39,2745.72,2751.96,9000
2026-08-15 10:00:00,2751.96,2758.98,2751.53,2758.05,11635
2026-08-15 11:00:00,2758.05,2758.52,2745.42,2748.18,12108
2026-08-15 12:00:00,2748.18,2748.32,2739.6,2744.7,3498
2026-08-15 13:00:00,2744.7,2763.3,2742.12,2751.01,4345
2026-08-15 14:00:00,2751.01,2759.89,2750.59,2758.73,7801
2026-08-15 15:00:00,2758.73,2758.89,2753.65,2756.09,13906
2026-08-15 16:00:00,2756.09,2759.98,2752.15,2755.46,11418
2026-08-15 17:00:00,2755.46,2755.82,2736.66,2741.75,12155
2026-08-15 18:00:00,2741.75,2746.51,2726.26,2738.55,4766
2026-08-15 19:00:00,2738.55,2746.63,2737.17,2742.1,6129
2026-08-15 20:00:00,2742.1,2750.8,2729.33,2744.4,4245
2026-08-15 21:00:00,2744.4,2754.06,2741.59,2746.42,1584
2026-08-15 22:00:00,2746.42,2753.51,2742.89,2746.65,4139
2026-08-15 23:00:00,2746.65,2750.64,2744.15,2746.71,6436
2026-08-16 00:00:00,2746.71,2747.9,2739.44,2744.13,1576
2026-08-16 01:00:00,2744.13,2753.92,2741.52,2746.93,3930
2026-08-16 02:00:00,2746.93,2751.31,2742.6,2748.63,5004
2026-08-16 03:00:00,2748.63,2756.97,2748.45,2750.61,3924
2026-08-16 04:00:00,2750.61,2750.93,2742.52,2748.56,3721
2026-08-16 05:00:00,2748.56,2748.72,2738.86,2740.08,1905
2026-08-16 06:00:00,2740.08,2750.82,2739.59,2744.45,3629
2026-08-16 07:00:00,2744.45,2746.09,2731.41,2742.59,5616
2026-08-16 08:00:00,2742.59,2744.23,2720.38,2734.83,4173
2026-08-16 09:00:00,2734.83,2743.19,2731.66,2741.1,7260
2026-08-16 10:00:00,2741.1,2741.3,2731.31,2737.59,10940
2026-08-16 11:00:00,2737.59,2751.56,2737.24,2747.18,7277
2026-08-16 12:00:00,2747.18,2755.71,2746.3,2752.79,14275
2026-08-16 13:00:00,2752.79,2761.35,2752.67,2759.01,11937
2026-08-16 14:00:00,2759.01,2759.47,2740.32,2746.65,7576
2026-08-16 15:00:00,2746.65,2760.46,2745.7,2757.65,4261
2026-08-16 16:00:00,2757.65,2764.99,2757.33,2760.05,3788
2026-08-16 17:00:00,2760.05,2760.2,2754.9,2756.72,6842
2026-08-16 18:00:00,2756.72,2763.76,2750.02,2758.04,3460
2026-08-16 19:00:00,2758.04,2758.21,2750.43,2751.03,6104
2026-08-16 20:00:00,2751.03,2753.05,2750.64,2752.68,5500
2026-08-16 21:00:00,2752.68,2757.47,2745.04,2748.64,4164
2026-08-16 22:00:00,2748.64,2750.23,2739.93,2743.32,2565
2026-08-16 23:00:00,2743.32,2745.39,2734.52,2737.35,2776
2026-08-17 00:00:00,2737.35,2750.86,2733.4,2741.77,2103
2026-08-17 01:00:00,2741.77,2743.21,2717.28,2739.32,1688
2026-08-17 02:00:00,2739.32,2746.25,2739.17,2745.41,2175
2026-08-17 03:00:00,2745.41,2749.48,2737.07,2743.33,2137
2026-08-17 04:00:00,2743.33,2743.43,2735.33,2736.62,3496
2026-08-17 05:00:00,2736.62,2736.75,2728.21,2732.26,3344
2026-08-17 06:00:00,2732.26,2737.56,2731.8,2737.16,1546
2026-08-17 07:00:00,2737.16,2737.77,2727.97,2736.58,2319
2026-08-17 08:00:00,2736.58,2742.25,2711.28,2731.66,11675
2026-08-17 09:00:00,2731.66,2750.6,2723.45,2733.12,9948
2026-08-17 10:00:00,2733.12,2741.47,2730.76,2737.66,5676
2026-08-17 11:00:00,2737.66,2749.03,2737.46,2747.77,10221
2026-08-17 12:00:00,2747.77,2763.93,2747.27,2760.93,6109
2026-08-17 13:00:00,2760.93,2761.67,2752.46,2757.68,11514
2026-08-17 14:00:00,2757.68,2758.11,2744.39,2745.69,8177
2026-08-17 15:00:00,2745.69,2745.87,2738.15,2741.98,9649
2026-08-17 16:00:00,2741.98,2746.86,2741.49,2744.35,5049
2026-08-17 17:00:00,2744.35,2744.67,2719.75,2735.68,10621
2026-08-17 18:00:00,2735.68,2736.05,2726.39,2727.1,4506
2026-08-17 19:00:00,2727.1,2740.29,2726.76,2728.48,4684
2026-08-17 20:00:00,2728.48,2731.02,2720.53,2728.32,3889
2026-08-17 21:00:00,2728.32,2732.06,2719.24,2728.48,5643
2026-08-17 22:00:00,2728.48,2731.06,2724.84,2725.54,5358
2026-08-17 23:00:00,2725.54,2725.81,2723.05,2724.67,2718
2026-08-18 00:00:00,2724.67,2725.15,2712.37,2721.08,3260
2026-08-18 01:00:00,2721.08,2730.62,2708.15,2724.6,2224
2026-08-18 02:00:00,2724.6,2734.66,2719.22,2728.7,2844
2026-08-18 03:00:00,2728.7,2729.06,2716.0,2721.49,1637
2026-08-18 04:00:00,2721.49,2721.79,2717.7,2717.88,5950
2026-08-18 05:00:00,2717.88,2718.33,2711.27,2712.06,6406
2026-08-18 06:00:00,2712.06,2720.01,2708.86,2709.56,5054
2026-08-18 07:00:00,2709.56,2721.29,2705.33,2709.26,4259
2026-08-18 08:00:00,2709.26,2709.66,2692.19,2696.39,3427
2026-08-18 09:00:00,2696.39,2696.6,2685.11,2688.24,4994
2026-08-18 10:00:00,2688.24,2688.54,2675.89,2679.39,4153
2026-08-18 11:00:00,2679.39,2686.93,2679.0,2681.24,11932
2026-08-18 12:00:00,2681.24,2687.49,2667.53,2681.87,10828
2026-08-18 13:00:00,2681.87,2686.07,2664.27,2675.53,13054
2026-08-18 14:00:00,2675.53,2677.6,2673.75,2677.11,13974
2026-08-18 15:00:00,2677.11,2696.03,2644.98,2672.31,4609
2026-08-18 16:00:00,2672.31,2677.99,2662.53,2669.95,4257
2026-08-18 17:00:00,2669.95,2688.52,2669.84,2684.72,6540
2026-08-18 18:00:00,2684.72,2703.23,2684.36,2696.61,5972
2026-08-18 19:00:00,2696.61,2697.11,2687.34,2691.6,3482
2026-08-18 20:00:00,2691.6,2696.53,2685.19,2694.85,3938
2026-08-18 21:00:00,2694.85,2699.54,2694.51,2698.04,4368
2026-08-18 22:00:00,2698.04,2698.46,2686.07,2693.61,5709
2026-08-18 23:00:00,2693.61,2701.18,2686.44,2696.82,5317
2026-08-19 00:00:00,2696.82,2707.77,2696.58,2702.83,2273
2026-08-19 01:00:00,2702.83,2707.39,2685.62,2698.5,3426
2026-08-19 02:00:00,2698.5,2698.93,2693.67,2694.97,3719
2026-08-19 03:00:00,2694.97,2700.4,2694.47,2698.96,1517
2026-08-19 04:00:00,2698.96,2705.12,2698.8,2700.04,5830
2026-08-19 05:00:00,2700.04,2704.13,2697.13,2702.22,5466
2026-08-19 06:00:00,2702.22,2711.92,2689.97,2703.58,3192
2026-08-19 07:00:00,2703.58,2706.31,2699.18,2705.14,4270
2026-08-19 08:00:00,2705.14,2705.43,2689.66,2693.37,12927
2026-08-19 09:00:00,2693.37,2703.81,2693.18,2702.69,14137
2026-08-19 10:00:00,2702.69,2713.6,2702.41,2713.14,10487
2026-08-19 11:00:00,2713.14,2713.61,2703.42,2711.11,5803
2026-08-19 12:00:00,2711.11,2713.12,2710.2,2710.75,7029
2026-08-19 13:00:00,2710.75,2711.01,2680.37,2697.14,6789
2026-08-19 14:00:00,2697.14,2711.06,2696.79,2701.73,13228
2026-08-19 15:00:00,2701.73,2707.84,2701.32,2706.84,8428
2026-08-19 16:00:00,2706.84,2711.92,2702.83,2706.31,13596
2026-08-19 17:00:00,2706.31,2725.05,2705.92,2716.37,9171
2026-08-19 18:00:00,2716.37,2716.76,2710.05,2713.4,3768
2026-08-19 19:00:00,2713.4,2716.35,2711.88,2715.64,3556
2026-08-19 20:00:00,2715.64,2718.47,2710.06,2711.69,6427
2026-08-19 21:00:00,2711.69,2723.23,2695.26,2711.63,3922
2026-08-19 22:00:00,2711.63,2713.48,2707.13,2710.98,6129
2026-08-19 23:00:00,2710.98,2713.33,2710.6,2711.9,4986
2026-08-20 00:00:00,2711.9,2726.73,2699.79,2710.49,4249
2026-08-20 01:00:00,2710.49,2717.71,2704.71,2710.01,5541
2026-08-20 02:00:00,2710.01,2719.58,2708.51,2713.27,4324
2026-08-20 03:00:00,2713.27,2714.72,2710.28,2711.59,2905
2026-08-20 04:00:00,2711.59,2712.02,2704.76,2705.36,3386
2026-08-20 05:00:00,2705.36,2713.65,2704.79,2712.22,4487
2026-08-20 06:00:00,2712.22,2722.27,2711.73,2717.65,5075
2026-08-20 07:00:00,2717.65,2717.75,2708.21,2712.63,6042
2026-08-20 08:00:00,2712.63,2725.95,2712.13,2718.82,9299
2026-08-20 09:00:00,2718.82,2727.95,2708.66,2714.34,13684
2026-08-20 10:00:00,2714.34,2731.61,2712.74,2716.72,7398
2026-08-20 11:00:00,2716.72,2721.47,2716.24,2719.37,8476
2026-08-20 12:00:00,2719.37,2719.48,2715.65,2717.3,9671
2026-08-20 13:00:00,2717.3,2717.43,2709.71,2710.32,13919
2026-08-20 14:00:00,2710.32,2710.45,2702.67,2704.18,8802
2026-08-20 15:00:00,2704.18,2704.52,2694.3,2696.06,5361
2026-08-20 16:00:00,2696.06,2696.44,2686.4,2688.71,7876
2026-08-20 17:00:00,2688.71,2692.14,2687.17,2688.14,7161
2026-08-20 18:00:00,2688.14,2688.47,2680.16,2681.83,4890
2026-08-20 19:00:00,2681.83,2688.14,2681.47,2684.5,2716
2026-08-20 20:00:00,2684.5,2692.66,2675.69,2690.29,2703
2026-08-20 21:00:00,2690.29,2690.73,2683.62,2688.07,3390
2026-08-20 22:00:00,2688.07,2692.2,2687.74,2689.03,4531
2026-08-20 23:00:00,2689.03,2695.54,2677.25,2691.0,1890
2026-08-21 00:00:00,2691.0,2694.04,2690.87,2692.87,4011
2026-08-21 01:00:00,2692.87,2702.23,2682.61,2693.19,4477
2026-08-21 02:00:00,2693.19,2706.3,2692.76,2696.11,5246
2026-08-21 03:00:00,2696.11,2698.77,2695.29,2698.01,1598
2026-08-21 04:00:00,2698.01,2698.24,2690.49,2693.24,3695
2026-08-21 05:00:00,2693.24,2697.41,2692.8,2696.65,6165
2026-08-21 06:00:00,2696.65,2705.98,2696.27,2700.13,6322
2026-08-21 07:00:00,2700.13,2700.37,2686.89,2697.2,2501
2026-08-21 08:00:00,2697.2,2701.8,2695.99,2697.55,6754
2026-08-21 09:00:00,2697.55,2709.82,2697.33,2703.65,12975
2026-08-21 10:00:00,2703.65,2703.77,2700.62,2701.81,11283
2026-08-21 11:00:00,2701.81,2713.02,2700.41,2711.39,5638
2026-08-21 12:00:00,2711.39,2738.56,2711.08,2732.59,4703
2026-08-21 13:00:00,2732.59,2733.0,2720.28,2725.55,9332
2026-08-21 14:00:00,2725.55,2725.77,2709.77,2713.21,5812
2026-08-21 15:00:00,2713.21,2717.71,2712.99,2715.95,7964
2026-08-21 16:00:00,2715.95,2725.95,2715.63,2722.43,4512
2026-08-21 17:00:00,2722.43,2722.87,2714.75,2720.38,10505
2026-08-21 18:00:00,2720.38,2737.48,2720.08,2733.45,2476
2026-08-21 19:00:00,2733.45,2733.71,2722.49,2728.21,5691
2026-08-21 20:00:00,2728.21,2734.57,2725.86,2730.97,4850
2026-08-21 21:00:00,2730.97,2740.87,2725.38,2728.62,4714
2026-08-21 22:00:00,2728.62,2742.01,2728.29,2735.42,5047
2026-08-21 23:00:00,2735.42,2749.65,2734.47,2743.32,4431
2026-08-22 00:00:00,2743.32,2743.56,2728.83,2740.32,5569
2026-08-22 01:00:00,2740.32,2742.28,2736.28,2738.19,5485
2026-08-22 02:00:00,2738.19,2745.0,2735.32,2741.61,5641
2026-08-22 03:00:00,2741.61,2752.22,2734.86,2740.12,1845
2026-08-22 04:00:00,2740.12,2741.27,2737.18,2739.97,6442
2026-08-22 05:00:00,2739.97,2742.36,2738.76,2740.11,4442
2026-08-22 06:00:00,2740.11,2740.43,2728.88,2732.57,2576
2026-08-22 07:00:00,2732.57,2737.78,2728.31,2732.55,2671
2026-08-22 08:00:00,2732.55,2734.08,2719.46,2726.38,11594
2026-08-22 09:00:00,2726.38,2732.71,2718.72,2721.98,10254
2026-08-22 10:00:00,2721.98,2739.68,2721.6,2734.96,3810
2026-08-22 11:00:00,2734.96,2735.43,2720.11,2723.7,11655
2026-08-22 12:00:00,2723.7,2735.65,2723.55,2731.02,12421
2026-08-22 13:00:00,2731.02,2738.8,2727.52,2728.53,13772
2026-08-22 14:00:00,2728.53,2728.64,2714.99,2726.04,11895
2026-08-22 15:00:00,2726.04,2741.57,2725.67,2733.17,11437
2026-08-22 16:00:00,2733.17,2740.62,2733.03,2736.25,4290
2026-08-22 17:00:00,2736.25,2745.35,2735.97,2741.41,6296
2026-08-22 18:00:00,2741.41,2755.94,2741.0,2750.19,1850
2026-08-22 19:00:00,2750.19,2754.17,2747.77,2748.91,4196
2026-08-22 20:00:00,2748.91,2751.22,2741.83,2746.52,2808
2026-08-22 21:00:00,2746.52,2748.65,2738.19,2742.26,5504
2026-08-22 22:00:00,2742.26,2743.8,2735.08,2739.04,4425
2026-08-22 23:00:00,2739.04,2763.62,2738.77,2750.73,6178
2026-08-23 00:00:00,2750.73,2766.16,2750.42,2755.7,1744
2026-08-23 01:00:00,2755.7,2768.76,2745.79,2750.38,6145
2026-08-23 02:00:00,2750.38,2752.06,2740.35,2745.18,6323
2026-08-23 03:00:00,2745.18,2760.38,2740.33,2747.12,6234
2026-08-23 04:00:00,2747.12,2751.29,2740.04,2749.31,6179
2026-08-23 05:00:00,2749.31,2757.09,2745.29,2751.52,3773
2026-08-23 06:00:00,2751.52,2753.27,2742.81,2750.55,1940
2026-08-23 07:00:00,2750.55,2754.23,2740.68,2750.08,5045
2026-08-23 08:00:00,2750.08,2756.34,2746.34,2753.07,6527
2026-08-23 09:00:00,2753.07,2758.22,2751.15,2753.87,4204
2026-08-23 10:00:00,2753.87,2754.33,2728.52,2733.85,5088
2026-08-23 11:00:00,2733.85,2740.05,2728.55,2731.8,12850
2026-08-23 12:00:00,2731.8,2731.94,2722.13,2724.18,13591
2026-08-23 13:00:00,2724.18,2726.66,2721.06,2725.77,7106
2026-08-23 14:00:00,2725.77,2754.51,2725.64,2752.71,7642
2026-08-23 15:00:00,2752.71,2761.01,2752.52,2756.07,4507
2026-08-23 16:00:00,2756.07,2768.85,2744.94,2753.24,7561
2026-08-23 17:00:00,2753.24,2765.13,2753.09,2761.63,3746
2026-08-23 18:00:00,2761.63,2768.01,2761.13,2766.05,5946
2026-08-23 19:00:00,2766.05,2768.47,2765.83,2767.75,5914
2026-08-23 20:00:00,2767.75,2773.91,2767.58,2770.21,5088
2026-08-23 21:00:00,2770.21,2788.03,2770.01,2778.46,4036
2026-08-23 22:00:00,2778.46,2781.03,2770.07,2773.97,1606
2026-08-23 23:00:00,2773.97,2788.53,2773.55,2775.9,5311
2026-08-24 00:00:00,2775.9,2776.16,2770.83,2772.23,4201
2026-08-24 01:00:00,2772.23,2785.5,2762.02,2774.48,5397
2026-08-24 02:00:00,2774.48,2774.75,2767.78,2770.85,3719
2026-08-24 03:00:00,2770.85,2774.86,2766.18,2769.22,5436
2026-08-24 04:00:00,2769.22,2771.32,2765.59,2768.07,5590
2026-08-24 05:00:00,2768.07,2779.32,2767.49,2772.0,2457
2026-08-24 06:00:00,2772.0,2781.18,2771.54,2775.7,4075
2026-08-24 07:00:00,2775.7,2776.19,2759.41,2770.76,3867
2026-08-24 08:00:00,2770.76,2780.15,2767.08,2771.28,5632
2026-08-24 09:00:00,2771.28,2774.76,2763.81,2764.84,8901
2026-08-24 10:00:00,2764.84,2765.21,2743.46,2753.43,11519
2026-08-24 11:00:00,2753.43,2753.87,2748.67,2751.49,11585
2026-08-24 12:00:00,2751.49,2751.67,2746.79,2748.72,6978
2026-08-24 13:00:00,2748.72,2778.63,2748.34,2770.78,4182
2026-08-24 14:00:00,2770.78,2780.43,2769.7,2774.76,4622
2026-08-24 15:00:00,2774.76,2775.15,2761.26,2762.22,9897
2026-08-24 16:00:00,2762.22,2762.57,2755.93,2757.11,12788
2026-08-24 17:00:00,2757.11,2768.24,2756.79,2766.42,12718
2026-08-24 18:00:00,2766.42,2787.6,2766.24,2785.53,4952
2026-08-24 19:00:00,2785.53,2785.76,2773.37,2779.21,5134
2026-08-24 20:00:00,2779.21,2779.33,2771.26,2771.73,1787
2026-08-24 21:00:00,2771.73,2782.14,2771.32,2779.24,1587
2026-08-24 22:00:00,2779.24,2784.03,2777.2,2780.83,3705
2026-08-24 23:00:00,2780.83,2781.97,2770.96,2777.39,4467
2026-08-25 00:00:00,2777.39,2784.08,2776.72,2779.56,5750
2026-08-25 01:00:00,2779.56,2780.06,2756.81,2769.07,5034
2026-08-25 02:00:00,2769.07,2773.23,2764.46,2769.11,1719
2026-08-25 03:00:00,2769.11,2778.44,2759.91,2770.45,2982
2026-08-25 04:00:00,2770.45,2780.24,2770.35,2774.18,4738
2026-08-25 05:00:00,2774.18,2774.63,2769.67,2770.16,1821
2026-08-25 06:00:00,2770.16,2774.57,2763.8,2770.54,4238
2026-08-25 07:00:00,2770.54,2773.42,2761.52,2766.88,6436
2026-08-25 08:00:00,2766.88,2770.37,2766.36,2769.23,7339
2026-08-25 09:00:00,2769.23,2769.47,2756.88,2761.1,8929
2026-08-25 10:00:00,2761.1,2766.83,2755.94,2757.42,6749
2026-08-25 11:00:00,2757.42,2757.65,2744.52,2748.42,8408
2026-08-25 12:00:00,2748.42,2764.44,2740.39,2754.34,13684
2026-08-25 13:00:00,2754.34,2763.18,2754.0,2762.15,9818
2026-08-25 14:00:00,2762.15,2772.87,2758.6,2760.04,4074
2026-08-25 15:00:00,2760.04,2762.57,2757.88,2760.41,5561
2026-08-25 16:00:00,2760.41,2760.82,2742.64,2747.3,13354
2026-08-25 17:00:00,2747.3,2751.63,2742.41,2744.61,7719
2026-08-25 18:00:00,2744.61,2763.36,2740.87,2744.18,2427
2026-08-25 19:00:00,2744.18,2767.62,2733.22,2754.59,1529
2026-08-25 20:00:00,2754.59,2754.99,2743.7,2750.22,4040
2026-08-25 21:00:00,2750.22,2773.72,2745.73,2756.06,5319
2026-08-25 22:00:00,2756.06,2762.47,2752.35,2760.05,1994
2026-08-25 23:00:00,2760.05,2770.8,2756.38,2761.2,5983
2026-08-26 00:00:00,2761.2,2769.95,2761.04,2768.23,2372
2026-08-26 01:00:00,2768.23,2771.76,2765.51,2769.75,2334
2026-08-26 02:00:00,2769.75,2777.17,2763.84,2771.34,4824
2026-08-26 03:00:00,2771.34,2779.65,2766.29,2771.16,2129
2026-08-26 04:00:00,2771.16,2781.82,2770.43,2776.08,4486
2026-08-26 05:00:00,2776.08,2788.43,2774.38,2780.5,1529
2026-08-26 06:00:00,2780.5,2780.82,2767.11,2778.03,5282
2026-08-26 07:00:00,2778.03,2782.76,2767.91,2772.79,2306
2026-08-26 08:00:00,2772.79,2774.73,2767.24,2770.96,7629
2026-08-26 09:00:00,2770.96,2771.34,2758.61,2763.7,10929
2026-08-26 10:00:00,2763.7,2774.3,2760.5,2763.14,11176
2026-08-26 11:00:00,2763.14,2784.8,2762.89,2774.44,7612
2026-08-26 12:00:00,2774.44,2790.91,2768.66,2770.29,12845
2026-08-26 13:00:00,2770.29,2770.63,2759.59,2769.92,3784
2026-08-26 14:00:00,2769.92,2784.32,2768.65,2770.47,6254
2026-08-26 15:00:00,2770.47,2779.11,2770.16,2778.24,13477
2026-08-26 16:00:00,2778.24,2778.45,2756.59,2757.79,8276
2026-08-26 17:00:00,2757.79,2757.96,2726.38,2752.31,8610
2026-08-26 18:00:00,2752.31,2766.64,2744.43,2754.24,3661
2026-08-26 19:00:00,2754.24,2766.32,2752.06,2759.04,5620
2026-08-26 20:00:00,2759.04,2760.45,2755.77,2757.12,4481
2026-08-26 21:00:00,2757.12,2757.59,2746.88,2749.71,2357
2026-08-26 22:00:00,2749.71,2753.92,2749.38,2752.2,6493
2026-08-26 23:00:00,2752.2,2759.02,2743.94,2749.72,2272
2026-08-27 00:00:00,2749.72,2749.98,2739.72,2745.05,3992
2026-08-27 01:00:00,2745.05,2745.24,2739.16,2742.61,1519
2026-08-27 02:00:00,2742.61,2749.31,2738.65,2741.92,2305
2026-08-27 03:00:00,2741.92,2754.61,2735.62,2739.56,2880
2026-08-27 04:00:00,2739.56,2739.71,2729.92,2730.91,3675
2026-08-27 05:00:00,2730.91,2738.17,2724.9,2734.47,3905
2026-08-27 06:00:00,2734.47,2744.14,2734.18,2739.53,4863
2026-08-27 07:00:00,2739.53,2742.95,2736.65,2742.14,4926
2026-08-27 08:00:00,2742.14,2742.45,2730.52,2731.91,5236
2026-08-27 09:00:00,2731.91,2735.96,2725.44,2730.12,10137
2026-08-27 10:00:00,2730.12,2734.4,2726.64,2730.08,6232
2026-08-27 11:00:00,2730.08,2736.75,2725.56,2735.49,7004
2026-08-27 12:00:00,2735.49,2755.3,2735.23,2741.53,9820
2026-08-27 13:00:00,2741.53,2741.87,2720.09,2734.94,6831
2026-08-27 14:00:00,2734.94,2740.77,2732.7,2735.7,8925
2026-08-27 15:00:00,2735.7,2740.44,2735.26,2739.84,4274
2026-08-27 16:00:00,2739.84,2759.43,2739.47,2753.02,7792
2026-08-27 17:00:00,2753.02,2760.89,2752.68,2759.44,5011
2026-08-27 18:00:00,2759.44,2771.68,2759.16,2766.63,4659
2026-08-27 19:00:00,2766.63,2768.23,2760.27,2767.0,3246
2026-08-27 20:00:00,2767.0,2776.06,2766.52,2772.66,5440
2026-08-27 21:00:00,2772.66,2777.4,2769.07,2774.33,1920
2026-08-27 22:00:00,2774.33,2774.68,2766.73,2770.93,3351
2026-08-27 23:00:00,2770.93,2785.02,2770.63,2776.57,3608
2026-08-28 00:00:00,2776.57,2779.87,2773.06,2779.39,6174
2026-08-28 01:00:00,2779.39,2793.35,2771.86,2777.65,5496
2026-08-28 02:00:00,2777.65,2783.97,2771.89,2775.77,2858
2026-08-28 03:00:00,2775.77,2781.6,2768.39,2776.99,5410
2026-08-28 04:00:00,2776.99,2797.3,2776.73,2778.88,4126
2026-08-28 05:00:00,2778.88,2782.25,2777.15,2779.7,4187
2026-08-28 06:00:00,2779.7,2786.72,2772.83,2780.98,5706
2026-08-28 07:00:00,2780.98,2794.14,2780.7,2787.83,1990
2026-08-28 08:00:00,2787.83,2805.59,2787.48,2797.71,6149
2026-08-28 09:00:00,2797.71,2800.19,2791.55,2799.48,7878
2026-08-28 10:00:00,2799.48,2810.82,2799.2,2808.19,10716
2026-08-28 11:00:00,2808.19,2808.32,2795.09,2798.69,8078
2026-08-28 12:00:00,2798.69,2808.23,2796.29,2802.38,10282
2026-08-28 13:00:00,2802.38,2823.32,2802.28,2819.14,12240
2026-08-28 14:00:00,2819.14,2821.4,2815.51,2817.14,11556
2026-08-28 15:00:00,2817.14,2817.25,2805.8,2809.31,14275
2026-08-28 16:00:00,2809.31,2818.15,2796.06,2803.31,11723
2026-08-28 17:00:00,2803.31,2803.62,2792.74,2793.29,7587
2026-08-28 18:00:00,2793.29,2793.59,2785.58,2786.11,4880
2026-08-28 19:00:00,2786.11,2786.77,2782.91,2784.66,1911
2026-08-28 20:00:00,2784.66,2784.81,2777.82,2779.06,2922
2026-08-28 21:00:00,2779.06,2780.67,2777.49,2779.16,4481
2026-08-28 22:00:00,2779.16,2783.43,2778.03,2782.8,3176
2026-08-28 23:00:00,2782.8,2783.1,2774.21,2779.2,3146
2026-08-29 00:00:00,2779.2,2797.82,2778.9,2785.32,4211
2026-08-29 01:00:00,2785.32,2790.74,2784.95,2787.41,5459
2026-08-29 02:00:00,2787.41,2797.21,2786.03,2791.58,2739
2026-08-29 03:00:00,2791.58,2801.15,2781.24,2788.97,2102
2026-08-29 04:00:00,2788.97,2795.77,2788.13,2792.44,3437
2026-08-29 05:00:00,2792.44,2800.97,2784.82,2788.09,1525
2026-08-29 06:00:00,2788.09,2794.78,2783.77,2791.7,6179
2026-08-29 07:00:00,2791.7,2806.65,2786.28,2792.42,2567
2026-08-29 08:00:00,2792.42,2806.99,2788.67,2797.53,4133
2026-08-29 09:00:00,2797.53,2801.48,2785.84,2786.75,6124
2026-08-29 10:00:00,2786.75,2787.24,2764.86,2778.57,13120
2026-08-29 11:00:00,2778.57,2787.87,2778.27,2784.06,10300
2026-08-29 12:00:00,2784.06,2784.42,2765.96,2775.41,11543
2026-08-29 13:00:00,2775.41,2785.36,2774.92,2779.66,8263
2026-08-29 14:00:00,2779.66,2780.12,2764.73,2767.2,11939
2026-08-29 15:00:00,2767.2,2778.55,2766.96,2774.96,12364
2026-08-29 16:00:00,2774.96,2775.22,2759.42,2763.75,4499
2026-08-29 17:00:00,2763.75,2781.16,2754.43,2768.8,3902
2026-08-29 18:00:00,2768.8,2780.69,2766.86,2774.53,4941
2026-08-29 19:00:00,2774.53,2774.99,2762.96,2771.78,3769
2026-08-29 20:00:00,2771.78,2789.86,2766.22,2774.14,4608
2026-08-29 21:00:00,2774.14,2789.74,2773.83,2775.21,4422
2026-08-29 22:00:00,2775.21,2782.25,2769.99,2773.09,4887
2026-08-29 23:00:00,2773.09,2773.23,2768.17,2769.1,3370
2026-08-30 00:00:00,2769.1,2775.97,2756.46,2761.32,5513
2026-08-30 01:00:00,2761.32,2763.8,2760.57,2762.75,1610
2026-08-30 02:00:00,2762.75,2763.02,2748.68,2756.56,3255
2026-08-30 03:00:00,2756.56,2766.2,2755.26,2756.97,6303
2026-08-30 04:00:00,2756.97,2762.77,2748.08,2755.96,2867
2026-08-30 05:00:00,2755.96,2761.68,2755.84,2758.69,3028
2026-08-30 06:00:00,2758.69,2761.1,2753.58,2757.52,2051
2026-08-30 07:00:00,2757.52,2760.51,2747.13,2756.25,1633
2026-08-30 08:00:00,2756.25,2769.96,2756.01,2762.92,9704
2026-08-30 09:00:00,2762.92,2773.48,2762.79,2765.99,7728
2026-08-30 10:00:00,2765.99,2769.67,2756.16,2768.89,10476
2026-08-30 11:00:00,2768.89,2781.74,2761.62,2773.19,5632
2026-08-30 12:00:00,2773.19,2773.55,2747.55,2759.23,8815
2026-08-30 13:00:00,2759.23,2768.53,2758.94,2766.14,7748
2026-08-30 14:00:00,2766.14,2774.67,2765.64,2771.74,8109
2026-08-30 15:00:00,2771.74,2772.2,2758.76,2762.5,9163
2026-08-30 16:00:00,2762.5,2765.02,2753.06,2760.31,10274
2026-08-30 17:00:00,2760.31,2760.72,2756.42,2759.97,9299
2026-08-30 18:00:00,2759.97,2760.55,2754.75,2758.77,4835
2026-08-30 19:00:00,2758.77,2760.97,2758.19,2760.13,4146
2026-08-30 20:00:00,2760.13,2770.6,2759.83,2765.86,2095
2026-08-30 21:00:00,2765.86,2771.35,2760.18,2770.21,5606
2026-08-30 22:00:00,2770.21,2770.41,2762.19,2765.01,3874
2026-08-30 23:00:00,2765.01,2772.99,2761.21,2767.52,4921
2026-08-31 00:00:00,2767.52,2779.32,2766.54,2772.86,3778
2026-08-31 01:00:00,2772.86,2777.26,2770.33,2774.44,2664
2026-08-31 02:00:00,2774.44,2779.36,2774.27,2778.83,2117
2026-08-31 03:00:00,2778.83,2797.03,2778.58,2786.93,6360
2026-08-31 04:00:00,2786.93,2798.81,2786.47,2791.08,5644
2026-08-31 05:00:00,2791.08,2792.92,2778.25,2792.11,1950
2026-08-31 06:00:00,2792.11,2799.94,2791.67,2796.35,3298
2026-08-31 07:00:00,2796.35,2804.53,2791.57,2796.97,6086
2026-08-31 08:00:00,2796.97,2799.51,2791.96,2797.21,7462
2026-08-31 09:00:00,2797.21,2799.21,2784.56,2794.0,8698
2026-08-31 10:00:00,2794.0,2815.65,2793.8,2808.44,8188
2026-08-31 11:00:00,2808.44,2818.43,2795.09,2800.9,11677
2026-08-31 12:00:00,2800.9,2816.28,2800.49,2815.09,6124
2026-08-31 13:00:00,2815.09,2820.22,2814.65,2819.75,8859
2026-08-31 14:00:00,2819.75,2820.23,2797.18,2806.81,7165
2026-08-31 15:00:00,2806.81,2813.47,2800.44,2810.23,3788
2026-08-31 16:00:00,2810.23,2810.42,2775.34,2790.89,12900
2026-08-31 17:00:00,2790.89,2799.79,2790.5,2796.67,5280
2026-08-31 18:00:00,2796.67,2810.09,2796.35,2804.85,3865
2026-08-31 19:00:00,2804.85,2805.21,2799.83,2802.49,5980
2026-08-31 20:00:00,2802.49,2809.91,2799.3,2803.03,3109
2026-08-31 21:00:00,2803.03,2817.22,2802.75,2810.96,6221
2026-08-31 22:00:00,2810.96,2811.17,2808.67,2808.95,4790
2026-08-31 23:00:00,2808.95,2824.32,2802.29,2804.7,2723
2026-09-01 00:00:00,2804.7,2811.82,2804.58,2810.73,3407
2026-09-01 01:00:00,2810.73,2823.03,2792.66,2818.72,2862
2026-09-01 02:00:00,2818.72,2821.97,2809.94,2818.77,4251
2026-09-01 03:00:00,2818.77,2832.46,2818.3,2822.91,5469
2026-09-01 04:00:00,2822.91,2834.61,2822.51,2828.4,2768
2026-09-01 05:00:00,2828.4,2828.73,2824.41,2825.42,6437
2026-09-01 06:00:00,2825.42,2828.22,2821.84,2823.48,2731
2026-09-01 07:00:00,2823.48,2829.02,2823.34,2828.52,5568
2026-09-01 08:00:00,2828.52,2853.33,2828.12,2844.27,7143
2026-09-01 09:00:00,2844.27,2855.12,2843.16,2849.57,8927
2026-09-01 10:00:00,2849.57,2850.65,2839.71,2841.35,4921
2026-09-01 11:00:00,2841.35,2864.22,2841.21,2860.02,13059
2026-09-01 12:00:00,2860.02,2860.17,2853.71,2855.05,9853
2026-09-01 13:00:00,2855.05,2869.26,2848.99,2851.92,7592
2026-09-01 14:00:00,2851.92,2858.24,2850.62,2855.16,7218
2026-09-01 15:00:00,2855.16,2874.43,2854.75,2869.83,4463
2026-09-01 16:00:00,2869.83,2896.69,2869.69,2877.93,12383
2026-09-01 17:00:00,2877.93,2887.84,2877.69,2881.89,13019
2026-09-01 18:00:00,2881.89,2899.23,2873.76,2886.31,2704
2026-09-01 19:00:00,2886.31,2886.89,2884.5,2886.52,3486
2026-09-01 20:00:00,2886.52,2895.0,2884.66,2888.88,1846
2026-09-01 21:00:00,2888.88,2889.11,2876.91,2878.41,2715
2026-09-01 22:00:00,2878.41,2879.17,2871.58,2877.21,4268
2026-09-01 23:00:00,2877.21,2884.21,2872.75,2878.25,1744
2026-09-02 00:00:00,2878.25,2884.19,2868.22,2873.52,4225
2026-09-02 01:00:00,2873.52,2887.26,2873.04,2875.15,4551
2026-09-02 02:00:00,2875.15,2883.54,2871.23,2874.34,1632
2026-09-02 03:00:00,2874.34,2884.46,2873.95,2881.65,2870
2026-09-02 04:00:00,2881.65,2889.98,2881.45,2888.22,3596
2026-09-02 05:00:00,2888.22,2894.85,2882.36,2886.32,2587
2026-09-02 06:00:00,2886.32,2887.85,2885.15,2885.73,3147
2026-09-02 07:00:00,2885.73,2886.35,2881.56,2885.46,3391
2026-09-02 08:00:00,2885.46,2885.95,2872.69,2881.19,7084
2026-09-02 09:00:00,2881.19,2894.48,2878.71,2883.07,12104
2026-09-02 10:00:00,2883.07,2883.28,2875.48,2875.9,8272
2026-09-02 11:00:00,2875.9,2876.19,2861.55,2865.24,3559
2026-09-02 12:00:00,2865.24,2871.51,2864.76,2871.14,9686
2026-09-02 13:00:00,2871.14,2879.8,2869.32,2877.12,9477
2026-09-02 14:00:00,2877.12,2877.27,2865.46,2869.53,5266
2026-09-02 15:00:00,2869.53,2883.22,2869.08,2878.03,6083
2026-09-02 16:00:00,2878.03,2879.79,2863.22,2872.07,4096
2026-09-02 17:00:00,2872.07,2876.05,2869.47,2874.49,7200
2026-09-02 18:00:00,2874.49,2884.25,2874.03,2882.28,1813
2026-09-02 19:00:00,2882.28,2883.96,2872.73,2882.18,3206
2026-09-02 20:00:00,2882.18,2888.56,2881.16,2884.1,4965
2026-09-02 21:00:00,2884.1,2884.45,2880.56,2881.99,5867
2026-09-02 22:00:00,2881.99,2887.76,2876.78,2881.21,3289
2026-09-02 23:00:00,2881.21,2894.83,2878.28,2880.39,3893
2026-09-03 00:00:00,2880.39,2880.8,2872.27,2877.33,5110
2026-09-03 01:00:00,2877.33,2883.98,2868.8,2876.64,5194
2026-09-03 02:00:00,2876.64,2876.77,2858.79,2870.26,3780
2026-09-03 03:00:00,2870.26,2876.5,2865.39,2868.27,2489
2026-09-03 04:00:00,2868.27,2869.48,2865.89,2867.13,5180
2026-09-03 05:00:00,2867.13,2870.71,2857.56,2866.1,3963
2026-09-03 06:00:00,2866.1,2872.15,2851.23,2865.14,2404
2026-09-03 07:00:00,2865.14,2879.02,2851.71,2864.92,4544
2026-09-03 08:00:00,2864.92,2873.6,2858.06,2869.47,10773
2026-09-03 09:00:00,2869.47,2881.7,2869.17,2877.77,12093
2026-09-03 10:00:00,2877.77,2878.23,2864.29,2871.64,13945
2026-09-03 11:00:00,2871.64,2871.76,2856.07,2860.31,5302
2026-09-03 12:00:00,2860.31,2861.14,2848.24,2850.54,9035
2026-09-03 13:00:00,2850.54,2850.93,2841.74,2845.99,7139
2026-09-03 14:00:00,2845.99,2846.23,2838.53,2842.72,7970
2026-09-03 15:00:00,2842.72,2843.01,2834.53,2835.55,12852
2026-09-03 16:00:00,2835.55,2836.03,2820.88,2823.5,7372
2026-09-03 17:00:00,2823.5,2823.88,2813.04,2819.28,13576
2026-09-03 18:00:00,2819.28,2829.66,2807.18,2820.99,5265
2026-09-03 19:00:00,2820.99,2831.8,2814.02,2823.44,3115
2026-09-03 20:00:00,2823.44,2824.57,2811.73,2821.21,3890
2026-09-03 21:00:00,2821.21,2821.61,2817.17,2819.57,4262
2026-09-03 22:00:00,2819.57,2819.95,2815.03,2815.84,2705
2026-09-03 23:00:00,2815.84,2817.98,2812.51,2815.75,5526
2026-09-04 00:00:00,2815.75,2819.65,2795.21,2812.34,4179
2026-09-04 01:00:00,2812.34,2815.99,2805.29,2814.7,3946
2026-09-04 02:00:00,2814.7,2814.86,2801.02,2807.5,4812
2026-09-04 03:00:00,2807.5,2811.8,2792.36,2806.08,5887
2026-09-04 04:00:00,2806.08,2807.87,2794.5,2807.33,3601
2026-09-04 05:00:00,2807.33,2823.49,2788.63,2808.11,4716
2026-09-04 06:00:00,2808.11,2838.66,2807.69,2819.06,5169
2026-09-04 07:00:00,2819.06,2827.21,2815.69,2820.51,4530
2026-09-04 08:00:00,2820.51,2820.97,2807.53,2811.23,8852
2026-09-04 09:00:00,2811.23,2815.51,2809.26,2810.37,12357
2026-09-04 10:00:00,2810.37,2810.75,2792.73,2794.01,10575
2026-09-04 11:00:00,2794.01,2796.1,2788.42,2793.29,9332
2026-09-04 12:00:00,2793.29,2797.06,2782.52,2785.66,7614
2026-09-04 13:00:00,2785.66,2796.53,2783.98,2794.09,13475
2026-09-04 14:00:00,2794.09,2794.2,2787.19,2789.06,11266
2026-09-04 15:00:00,2789.06,2789.77,2785.73,2788.01,3520
2026-09-04 16:00:00,2788.01,2788.41,2779.94,2782.2,6188
2026-09-04 17:00:00,2782.2,2811.02,2782.05,2798.2,10885
2026-09-04 18:00:00,2798.2,2802.13,2790.98,2795.26,4744
2026-09-04 19:00:00,2795.26,2807.05,2794.93,2802.68,3401
2026-09-04 20:00:00,2802.68,2808.0,2802.27,2806.0,6174
2026-09-04 21:00:00,2806.0,2834.07,2781.05,2807.99,2714
2026-09-04 22:00:00,2807.99,2810.8,2807.54,2809.51,5126
2026-09-04 23:00:00,2809.51,2811.42,2806.47,2811.14,2289
2026-09-05 00:00:00,2811.14,2811.41,2800.8,2803.38,2866
2026-09-05 01:00:00,2803.38,2803.67,2798.84,2802.29,5123
2026-09-05 02:00:00,2802.29,2817.49,2796.54,2805.74,2002
2026-09-05 03:00:00,2805.74,2807.97,2801.28,2805.57,1672
2026-09-05 04:00:00,2805.57,2805.99,2795.03,2799.94,2386
2026-09-05 05:00:00,2799.94,2805.36,2793.14,2799.76,2917
2026-09-05 06:00:00,2799.76,2813.22,2794.68,2806.67,5032
2026-09-05 07:00:00,2806.67,2816.55,2806.36,2811.75,5868
2026-09-05 08:00:00,2811.75,2813.72,2809.47,2811.2,10843
2026-09-05 09:00:00,2811.2,2820.61,2810.9,2820.04,6399
2026-09-05 10:00:00,2820.04,2820.42,2811.64,2816.66,9730
2026-09-05 11:00:00,2816.66,2817.05,2798.42,2800.93,14196
2026-09-05 12:00:00,2800.93,2801.28,2785.95,2792.44,7502
2026-09-05 13:00:00,2792.44,2810.47,2792.1,2806.87,3872
2026-09-05 14:00:00,2806.87,2823.87,2787.9,2804.36,10674
2026-09-05 15:00:00,2804.36,2817.86,2798.67,2802.13,6274
2026-09-05 16:00:00,2802.13,2802.36,2799.03,2799.39,6597
2026-09-05 17:00:00,2799.39,2840.33,2799.24,2817.01,12920
2026-09-05 18:00:00,2817.01,2842.73,2816.58,2832.16,3640
2026-09-05 19:00:00,2832.16,2846.2,2831.87,2841.25,4506
2026-09-05 20:00:00,2841.25,2846.2,2839.44,2840.64,5118
2026-09-05 21:00:00,2840.64,2845.85,2828.94,2841.88,2322
2026-09-05 22:00:00,2841.88,2842.21,2835.16,2835.72,2031
2026-09-05 23:00:00,2835.72,2845.55,2835.43,2841.79,4320
2026-09-06 00:00:00,2841.79,2851.54,2831.38,2837.05,1666
2026-09-06 01:00:00,2837.05,2848.26,2833.01,2837.97,6426
2026-09-06 02:00:00,2837.97,2838.45,2820.3,2833.52,5831
2026-09-06 03:00:00,2833.52,2837.05,2822.11,2831.15,2555
2026-09-06 04:00:00,2831.15,2831.53,2827.37,2827.78,2754
2026-09-06 05:00:00,2827.78,2832.58,2818.93,2825.34,5786
2026-09-06 06:00:00,2825.34,2828.38,2820.12,2823.18,5507
2026-09-06 07:00:00,2823.18,2823.61,2818.69,2820.98,6208
2026-09-06 08:00:00,2820.98,2829.97,2820.85,2828.76,6668
2026-09-06 09:00:00,2828.76,2828.96,2811.97,2818.51,11061
2026-09-06 10:00:00,2818.51,2830.39,2818.28,2820.58,12192
2026-09-06 11:00:00,2820.58,2833.48,2820.41,2831.93,5438
2026-09-06 12:00:00,2831.93,2832.51,2825.35,2827.17,11712
2026-09-06 13:00:00,2827.17,2828.99,2815.65,2820.52,13736
2026-09-06 14:00:00,2820.52,2825.5,2816.37,2818.4,3531
2026-09-06 15:00:00,2818.4,2832.93,2817.95,2829.39,6828
2026-09-06 16:00:00,2829.39,2833.73,2822.32,2831.22,11600
2026-09-06 17:00:00,2831.22,2833.95,2818.98,2826.3,12731
2026-09-06 18:00:00,2826.3,2835.42,2805.32,2830.83,2502
2026-09-06 19:00:00,2830.83,2831.11,2803.83,2826.37,6230
2026-09-06 20:00:00,2826.37,2840.7,2821.18,2829.18,1584
2026-09-06 21:00:00,2829.18,2833.22,2828.29,2830.88,4495
2026-09-06 22:00:00,2830.88,2832.9,2829.21,2829.66,6323
2026-09-06 23:00:00,2829.66,2829.91,2824.93,2826.28,4787
2026-09-07 00:00:00,2826.28,2832.71,2819.18,2822.71,5665
2026-09-07 01:00:00,2822.71,2842.64,2822.27,2824.92,1653
2026-09-07 02:00:00,2824.92,2833.1,2824.79,2829.95,2961
2026-09-07 03:00:00,2829.95,2830.97,2826.92,2827.39,4312
2026-09-07 04:00:00,2827.39,2832.51,2827.24,2829.29,3519
2026-09-07 05:00:00,2829.29,2829.74,2809.07,2820.84,2597
2026-09-07 06:00:00,2820.84,2825.91,2818.04,2818.5,2070
2026-09-07 07:00:00,2818.5,2826.32,2817.29,2818.41,1648
2026-09-07 08:00:00,2818.41,2818.87,2808.65,2810.0,11169
2026-09-07 09:00:00,2810.0,2810.3,2799.78,2801.37,9220
2026-09-07 10:00:00,2801.37,2801.55,2786.66,2795.24,7939
2026-09-07 11:00:00,2795.24,2799.11,2795.13,2797.96,7519
2026-09-07 12:00:00,2797.96,2808.21,2793.9,2796.25,14011
2026-09-07 13:00:00,2796.25,2796.61,2769.0,2775.75,11341
2026-09-07 14:00:00,2775.75,2776.0,2755.44,2756.46,7066
2026-09-07 15:00:00,2756.46,2756.77,2750.22,2750.98,8782
2026-09-07 16:00:00,2750.98,2757.7,2750.5,2755.15,6256
2026-09-07 17:00:00,2755.15,2755.27,2723.76,2730.36,12023
2026-09-07 18:00:00,2730.36,2730.66,2724.08,2725.9,2606
2026-09-07 19:00:00,2725.9,2726.35,2719.52,2723.87,5005
2026-09-07 20:00:00,2723.87,2738.34,2723.5,2729.35,5612
2026-09-07 21:00:00,2729.35,2736.13,2724.07,2727.87,2082
2026-09-07 22:00:00,2727.87,2737.13,2724.3,2729.41,5850
2026-09-07 23:00:00,2729.41,2731.14,2727.26,2730.0,4190
2026-09-08 00:00:00,2730.0,2731.44,2717.36,2721.67,6156
2026-09-08 01:00:00,2721.67,2733.83,2703.23,2724.71,4080
2026-09-08 02:00:00,2724.71,2727.66,2724.22,2725.59,1819
2026-09-08 03:00:00,2725.59,2729.48,2724.81,2727.62,5815
2026-09-08 04:00:00,2727.62,2745.7,2727.19,2743.12,6294
2026-09-08 05:00:00,2743.12,2743.48,2732.04,2734.93,2937
2026-09-08 06:00:00,2734.93,2753.4,2734.81,2741.77,1531
2026-09-08 07:00:00,2741.77,2742.47,2739.79,2740.67,2214
2026-09-08 08:00:00,2740.67,2744.14,2735.75,2743.28,5585
2026-09-08 09:00:00,2743.28,2754.0,2740.96,2742.89,4197
2026-09-08 10:00:00,2742.89,2743.11,2730.94,2739.09,5779
2026-09-08 11:00:00,2739.09,2741.09,2731.19,2733.97,4853
2026-09-08 12:00:00,2733.97,2747.11,2729.38,2736.96,11745
2026-09-08 13:00:00,2736.96,2737.18,2715.89,2723.35,9950
2026-09-08 14:00:00,2723.35,2736.33,2720.74,2730.11,11349
2026-09-08 15:00:00,2730.11,2739.85,2709.58,2726.39,5020
2026-09-08 16:00:00,2726.39,2726.7,2714.41,2716.29,8093
2026-09-08 17:00:00,2716.29,2716.71,2708.96,2712.29,5891
2026-09-08 18:00:00,2712.29,2726.93,2712.04,2723.56,3906
2026-09-08 19:00:00,2723.56,2731.28,2715.36,2721.49,4307
2026-09-08 20:00:00,2721.49,2726.44,2715.95,2722.93,5760
2026-09-08 21:00:00,2722.93,2733.86,2709.15,2720.1,4264
2026-09-08 22:00:00,2720.1,2726.04,2719.8,2723.1,4224
2026-09-08 23:00:00,2723.1,2731.2,2722.66,2725.83,4035
2026-09-09 00:00:00,2725.83,2738.33,2725.36,2733.13,1712
2026-09-09 01:00:00,2733.13,2734.09,2722.24,2732.47,3448
2026-09-09 02:00:00,2732.47,2746.49,2732.2,2735.13,6361
2026-09-09 03:00:00,2735.13,2738.46,2734.32,2735.55,4646
2026-09-09 04:00:00,2735.55,2765.71,2735.13,2740.7,2701
2026-09-09 05:00:00,2740.7,2743.92,2733.74,2737.9,3319
2026-09-09 06:00:00,2737.9,2747.73,2735.68,2740.87,4389
2026-09-09 07:00:00,2740.87,2741.07,2738.14,2740.13,2144
2026-09-09 08:00:00,2740.13,2745.18,2732.57,2739.58,8489
2026-09-09 09:00:00,2739.58,2742.74,2737.33,2740.42,12588
2026-09-09 10:00:00,2740.42,2760.87,2724.34,2742.72,13138
2026-09-09 11:00:00,2742.72,2742.91,2735.16,2741.69,12804
2026-09-09 12:00:00,2741.69,2757.15,2737.99,2743.65,10093
2026-09-09 13:00:00,2743.65,2761.69,2743.22,2757.97,4391
2026-09-09 14:00:00,2757.97,2787.56,2749.6,2766.95,7735
2026-09-09 15:00:00,2766.95,2779.76,2765.28,2774.9,4338
2026-09-09 16:00:00,2774.9,2775.13,2765.82,2770.76,7453
2026-09-09 17:00:00,2770.76,2776.2,2757.02,2762.68,10740
2026-09-09 18:00:00,2762.68,2775.36,2762.55,2771.41,2660
2026-09-09 19:00:00,2771.41,2775.9,2771.19,2774.94,4022
2026-09-09 20:00:00,2774.94,2785.81,2774.82,2780.87,5812
2026-09-09 21:00:00,2780.87,2792.34,2776.06,2778.48,1695
2026-09-09 22:00:00,2778.48,2779.75,2777.27,2777.6,3748
2026-09-09 23:00:00,2777.6,2777.91,2768.08,2771.08,5961
2026-09-10 00:00:00,2771.08,2771.31,2754.73,2769.55,4266
2026-09-10 01:00:00,2769.55,2781.05,2764.39,2773.56,3051
2026-09-10 02:00:00,2773.56,2776.83,2768.29,2771.73,3947
2026-09-10 03:00:00,2771.73,2788.51,2771.35,2774.32,5809
2026-09-10 04:00:00,2774.32,2788.05,2764.65,2773.6,3888
2026-09-10 05:00:00,2773.6,2777.38,2773.01,2774.92,4506
2026-09-10 06:00:00,2774.92,2775.18,2759.01,2770.37,1618
2026-09-10 07:00:00,2770.37,2776.0,2769.83,2770.75,4996
2026-09-10 08:00:00,2770.75,2770.9,2738.16,2743.62,7075
2026-09-10 09:00:00,2743.62,2743.96,2736.04,2741.96,9642
2026-09-10 10:00:00,2741.96,2742.14,2720.66,2727.3,14161
2026-09-10 11:00:00,2727.3,2741.45,2727.06,2738.17,9710
2026-09-10 12:00:00,2738.17,2747.75,2737.93,2745.21,6978
2026-09-10 13:00:00,2745.21,2750.95,2744.04,2749.45,5944
2026-09-10 14:00:00,2749.45,2770.78,2748.96,2763.27,6501
2026-09-10 15:00:00,2763.27,2763.76,2754.0,2754.68,13554
2026-09-10 16:00:00,2754.68,2775.64,2754.55,2770.59,12051
2026-09-10 17:00:00,2770.59,2789.17,2770.26,2779.12,8736
2026-09-10 18:00:00,2779.12,2783.49,2773.57,2776.98,1617
2026-09-10 19:00:00,2776.98,2789.08,2776.67,2781.56,1867
2026-09-10 20:00:00,2781.56,2783.81,2770.65,2777.17,4676
2026-09-10 21:00:00,2777.17,2777.38,2771.38,2773.91,4874
2026-09-10 22:00:00,2773.91,2785.73,2763.52,2771.51,5312
2026-09-10 23:00:00,2771.51,2771.79,2767.79,2769.43,3697
2026-09-11 00:00:00,2769.43,2769.7,2758.63,2765.26,6411
2026-09-11 01:00:00,2765.26,2770.91,2765.03,2770.16,3629
2026-09-11 02:00:00,2770.16,2770.5,2764.6,2769.17,2400
2026-09-11 03:00:00,2769.17,2771.84,2768.44,2770.61,1692
2026-09-11 04:00:00,2770.61,2772.9,2766.85,2768.36,4270
2026-09-11 05:00:00,2768.36,2768.47,2756.45,2761.15,4848
2026-09-11 06:00:00,2761.15,2767.5,2754.12,2762.26,2450
2026-09-11 07:00:00,2762.26,2762.67,2748.88,2754.69,5106
2026-09-11 08:00:00,2754.69,2756.58,2748.2,2754.09,3865
2026-09-11 09:00:00,2754.09,2754.43,2740.21,2741.74,5986
2026-09-11 10:00:00,2741.74,2770.59,2741.31,2759.75,4730
2026-09-11 11:00:00,2759.75,2769.27,2747.9,2768.07,8399
2026-09-11 12:00:00,2768.07,2770.92,2763.85,2769.05,13180
2026-09-11 13:00:00,2769.05,2781.24,2768.86,2780.62,8635
2026-09-11 14:00:00,2780.62,2781.08,2769.87,2772.9,5328
2026-09-11 15:00:00,2772.9,2794.18,2772.78,2777.89,10249
2026-09-11 16:00:00,2777.89,2788.32,2777.78,2779.74,4173
2026-09-11 17:00:00,2779.74,2792.3,2779.29,2782.18,9710
2026-09-11 18:00:00,2782.18,2796.61,2781.9,2793.88,2060
2026-09-11 19:00:00,2793.88,2800.36,2793.61,2796.86,1689
2026-09-11 20:00:00,2796.86,2801.45,2785.12,2798.06,1704
2026-09-11 21:00:00,2798.06,2798.45,2779.55,2791.43,4515
2026-09-11 22:00:00,2791.43,2799.28,2785.03,2787.61,5639
2026-09-11 23:00:00,2787.61,2797.4,2777.99,2787.15,4871
2026-09-12 00:00:00,2787.15,2792.78,2782.63,2787.56,4541
2026-09-12 01:00:00,2787.56,2787.94,2775.18,2783.06,3205
2026-09-12 02:00:00,2783.06,2797.26,2782.67,2792.77,2212
2026-09-12 03:00:00,2792.77,2810.26,2792.47,2798.91,4956
2026-09-12 04:00:00,2798.91,2807.53,2792.55,2801.38,4184
2026-09-12 05:00:00,2801.38,2802.39,2800.9,2801.7,5906
2026-09-12 06:00:00,2801.7,2809.83,2794.66,2800.88,6473
2026-09-12 07:00:00,2800.88,2801.14,2793.26,2797.08,5099
2026-09-12 08:00:00,2797.08,2800.21,2796.47,2797.81,14194
2026-09-12 09:00:00,2797.81,2804.93,2791.27,2800.21,8406
2026-09-12 10:00:00,2800.21,2800.51,2786.81,2788.81,11829
2026-09-12 11:00:00,2788.81,2796.74,2788.7,2791.9,11048
